concepticon_id,concepticon_gloss,semantic_field,ontological_category,semantic_category,lex_wold_strict,wl_mean,wl_cvar,en,do_mean,do_cvar,ins,cd,aoa_self,conc,sens
2,dust,The physical world,Person/Thing,Noun,1,26.796235,0.843089,28.967853,124.20871,0.66838,2.65e-4,510.234352,5.06,4.4,4.974700195
3,brave,Emotions and values,Property,Adjective,1,24.733398,0.372374,32.744382,121.82568,0.97256,3.43e-4,628.596856,6,2.26,5.032165295
8,curse,Religion and belief,Action/Process,Verb,0.821354,22.334706,0.845801,25.755634,117.07703,0.85693,7.7e-5,317.709878,7.47,2.39,4.179341719
9,announce,Speech and language,Action/Process,Verb,0.824357,65.251074,0.446344,85.210633,89.37532,0.41437,3.9e-5,531.592999,9.48,3.31,5.694058324
10,firewood,The physical world,Person/Thing,Noun,1,5.454924,0.971374,0.969454,290.26215,1.35586,7e-6,19.57876,6.61,4.93,6.255208919
11,darkness,The physical world,Person/Thing,Noun,1,34.298245,0.512287,26.565923,107.65574,0.63164,1.14e-4,498.368437,4.83,3.85,5.605586944
21,taste,Sense perception,Action/Process,Verb,0.733276,273.395784,1.386053,140.064345,193.35714,1.43213,2.98e-4,2416.79027,4.26,4.07,6.238808255
23,rye,Agriculture and vegetation,Person/Thing,Noun,0.221669,2.819741,1.880166,6.511256,107.39491,0.94456,2.6e-5,111.539602,9.26,4.74,5.00897613
24,pray,Religion and belief,Action/Process,Verb,0.741167,82.875812,2.055755,104.353725,205.08146,0.8929,8e-5,1111.242955,5.79,3.21,5.10370751
27,air,The physical world,Person/Thing,Noun,0.641886,109.966819,0.736558,142.828012,153.37768,0.97415,6.03e-4,2621.477306,3.94,4.11,5.735258255
31,pan,Food and drink,Person/Thing,Noun,0.914683,30.024833,2.251019,57.602909,133.53022,1.37404,1.44e-4,948.976565,4.72,4.86,4.879053511
56,bad luck,Emotions and values,Person/Thing,Noun,0.403399,10.013163,0.886536,3.096464,99.45396,0.62328,1.4e-5,62.296055,10.53,2.07,3.93269586
66,kneel,Motion,Action/Process,Verb,1,3.308037,0.987244,1.504824,93.13464,0.46975,2.5e-5,35.597745,6.95,4.31,5.122746059
82,anger,Emotions and values,Person/Thing,Noun,1,31.074655,0.596563,32.831198,116.86858,0.8502,7.29e-4,581.429843,6,2.41,5.216823407
98,all,Quantity,Other,Function word,1,3806.418263,0.360446,4608.276127,4839.44335,0.46021,3.35e-4,83620.587363,4.196887,2.28,4.626035418
112,turtle,Animals,Person/Thing,Noun,0.680113,5.785972,0.620348,13.022511,283.19366,2.57542,9.4e-5,242.657965,4.17,5,4.572713912
113,shore,The physical world,Person/Thing,Noun,0.811523,16.461215,0.968034,23.006437,211.51855,1.75859,4.8e-5,452.388015,6.925079,4.79,4.173430113
117,imitate,Cognition,Action/Process,Verb,1,8.541662,0.798123,4.760451,93.47934,0.52901,1.9e-5,45.683773,9.2,2.66,5.121262668
119,dive,Motion,Action/Process,Verb,0.65181,13.066534,0.724883,20.980713,96.23178,0.47322,8e-5,243.547909,7.21,4.03,5.086416471
122,cart,Motion,Person/Thing,Noun,0.523904,20.476641,0.52412,29.720265,182.92919,1.6166,1.98e-4,548.20528,5.22,4.89,4.858567223
123,forehead,The body,Person/Thing,Noun,1,15.76984,0.848405,8.580388,104.58437,0.49928,3.2e-5,168.199347,5.58,4.9,5.640401761
126,sweat,The body,Action/Process,Verb,1,17.602167,0.557858,30.38586,106.96983,0.48167,3.16e-4,469.593592,7.26,4.71,5.520714808
127,extinguish,The physical world,Action/Process,Verb,1,2.830909,1.111967,1.012862,95.74647,0.57003,1.1e-5,15.722338,8.95,3.47,3.838858181
129,choke,Food and drink,Action/Process,Verb,0.844834,6.926838,0.940285,17.247593,91.47426,0.47887,1.19e-4,163.749629,6.11,4.34,5.97343478
133,weave,Clothing and grooming,Action/Process,Verb,0.700466,3.822747,0.960932,14.223476,111.55583,0.53011,4.6e-5,196.084248,9.89,4.2,4.94601611
138,bathe,The body,Action/Process,Verb,1,45.10601,2.235484,9.810292,137.26293,1.39495,2e-5,48.353604,5,4.19,7.041937436
141,burn,The physical world,Action/Process,Verb,1,63.492588,0.650582,94.688128,295.36244,1.37653,2.45e-4,934.440819,4.72,4.11,5.537195036
154,udder,The body,Person/Thing,Noun,0.746949,0.443904,0.565192,0.347267,92.39712,0.4601,9e-6,10.086028,7.29,5,4.390621071
163,black,Sense perception,Property,Adjective,1,190.871544,0.304589,302.368246,475.46386,2.15589,0.001567,5376.742806,3.56,3.76,4.740742331
166,mainland,The physical world,Person/Thing,Noun,0.275797,10.694476,3.020735,2.40193,92.5203,0.47818,1e-6,48.353604,11.63,4.31,4.600138391
175,blow,Motion,Action/Process,Verb,1,26.09955,0.858862,92.199381,152.62151,0.71512,1.61e-4,1064.965885,4,3.74,4.96812209
191,nut,Food and drink,Person/Thing,Noun,0.505351,14.474245,0.786611,44.696153,166.51099,1.24204,4.12e-4,862.652032,5.21,4.52,5.694156022
192,corner,Spatial relations,Person/Thing,Noun,0.929031,39.033411,0.798368,81.173655,135.61801,0.66021,1.15e-4,1595.965589,5.21,4.61,4.542383472
193,shallow,Spatial relations,Property,Adjective,0.734217,6.421895,0.78137,8.79743,93.19313,0.44587,5.8e-5,171.165826,7,3.45,4.28255122
195,mat,Basic actions and technology,Person/Thing,Noun,0.539154,24.833057,2.292242,13.890679,186.76523,1.26181,6.8e-5,264.609908,4.62,4.83,5.709829743
199,famine,Agriculture and vegetation,Person/Thing,Noun,0.658861,13.918429,3.000861,3.096464,124.08123,1.4651,4.1e-5,59.329576,10,3.55,3.789515791
204,again,Time,Other,Function word,0.899814,1013.966094,1.013639,710.971247,2582.4957,0.79869,2.05e-4,13738.059923,5.78478,2,3.083185936
205,trough,The house,Person/Thing,Noun,0.591612,1.068724,0.811901,1.446946,96.33175,0.62641,1.4e-5,28.478196,7,4.56,4.256112083
213,fin,Animals,Person/Thing,Noun,0.535866,22.453596,2.625202,5.295821,92.12616,0.45235,3.3e-5,95.817265,7.3,4.76,4.147179467
221,fire,The physical world,Person/Thing,Noun,1,104.934837,0.555196,170.377858,896.58612,0.81104,0.001493,2602.195194,3.25,4.68,6.420173987
224,mortar,Food and drink,Person/Thing,Noun,0.76265,1.332243,1.000596,2.66238,107.78102,0.63469,2.9e-5,49.540196,11.9,4.48,4.278054674
227,fish,Animals,Person/Thing,Noun,1,68.812629,0.69583,75.805486,1226.27478,1.7094,0.00117,1274.695936,4.05,5,6.783971456
230,sweep,Basic actions and technology,Action/Process,Verb,1,8.019691,0.931494,23.18007,119.4483,0.77731,7.5e-5,277.662415,4.2,3.72,5.165505658
234,paddle,Basic actions and technology,Person/Thing,Noun,0.474166,1.821367,1.060313,5.946947,215.09579,1.8692,5.2e-5,83.358054,6.58,4.8,5.348989222
236,stepmother,Kinship,Person/Thing,Noun,0.870801,1.499999,0.630089,1.041801,126.8541,1.83531,5e-6,20.468704,6.33,4.23,4.099674318
239,flower,Agriculture and vegetation,Person/Thing,Noun,1,115.35385,0.428261,124.22029,332.90339,2.09255,0.001227,2203.797093,3.11,5,6.567422846
244,left,Spatial relations,Property,Adjective,1,157.540281,0.960643,385.032255,1452.62832,0.74941,2.19e-4,7469.89024,5.57164,3.7,3.999995013
245,broom,Basic actions and technology,Person/Thing,Noun,0.910693,5.842142,0.865953,4.601287,110.57778,1.00204,1.18e-4,88.697716,5.5,4.89,5.794184927
249,fog,The physical world,Person/Thing,Noun,1,19.35873,0.704862,11.72026,92.71543,0.55337,1.32e-4,218.629487,6.21,4.66,4.941017721
257,worship,Religion and belief,Action/Process,Verb,0.446299,22.578579,1.412715,30.12541,118.46056,1.15862,1e-4,459.210917,7,2.62,5.259894511
270,jug,Food and drink,Person/Thing,Noun,0.526217,6.801132,1.120737,18.159169,109.87899,0.67535,7.2e-5,364.876891,5.83,4.96,5.18484568
273,dough,Food and drink,Person/Thing,Noun,0.640683,52.374499,1.058091,36.419624,97.43265,0.39178,6.6e-5,511.420943,6.63,4.79,6.131387306
275,peel,Food and drink,Action/Process,Verb,1,4.211535,1.323341,21.05306,131.01099,0.81952,5e-5,220.706022,6.05,4.61,5.146180173
277,spindle,Clothing and grooming,Person/Thing,Noun,0.425543,0.489586,0.696459,0.998393,103.60538,0.85649,7e-6,17.205577,10.72,4.92,4.6442828
284,hoe,Agriculture and vegetation,Person/Thing,Noun,0.595436,3.641429,2.744763,33.728305,164.868,1.43261,2.6e-5,654.405221,8.72,4.74,5.37791961
288,forge,Basic actions and technology,Action/Process,Verb,0.274112,3.424448,0.733637,6.236336,89.50124,0.39115,2.5e-5,62.592702,9.8,4.04,4.311735181
300,rattle,Speech and language,Person/Thing,Noun,0.353344,1.494581,1.33383,5.889069,89.91303,0.39782,3.2e-5,54.879858,4.5,4.07,5.386789543
302,clan,Social and political relations,Person/Thing,Noun,0.708139,7.23204,0.968545,5.512863,669.18321,3.2311,1.7e-5,100.860279,11.05,3.46,3.789176437
307,hawk,Animals,Person/Thing,Noun,0.741662,2.795223,1.445387,18.969458,112.67876,1.05199,2.7e-5,357.460694,6.74391,4.93,4.951050261
319,lick,The body,Action/Process,Verb,1,7.144828,0.854992,16.842448,105.89475,0.5892,5.4e-5,217.146247,4.3,4.52,5.81228563
320,lame,The body,Property,Adjective,0.930532,8.945745,1.3388,28.200972,98.82161,0.72204,1.02e-4,577.57342,9.21,2.52,3.021930112
322,fig,Food and drink,Person/Thing,Noun,0.361152,5.453718,1.216891,5.903539,102.94554,0.67319,2.6e-5,103.826758,8.06,4.97,5.439348228
323,fat,The body,Person/Thing,Noun,0.917845,52.104321,0.665167,102.762085,215.73413,1.13287,0.001185,1803.619104,5.15,4.61,5.75207545
329,stocking,Clothing and grooming,Person/Thing,Noun,1,32.1027,0.492411,39.819946,93.21774,0.39321,2.49e-4,719.667754,2.94,4.91,6.226233023
337,pitchfork,Agriculture and vegetation,Person/Thing,Noun,0.304356,7.231581,0.956967,14.816724,102.81193,1.12364,1.86e-4,274.992584,3.63,5,6.247655603
342,hay,Agriculture and vegetation,Person/Thing,Noun,0.526667,4.975554,1.415741,10.707398,177.98194,2.07263,1.47e-4,192.524473,5.32,4.87,4.668342343
367,ride,Motion,Action/Process,Verb,0.458519,24.643521,1.423732,150.699396,239.19618,1.61788,2.05e-4,2161.376446,4.67,3.75,4.596801889
383,master,Social and political relations,Person/Thing,Noun,0.517275,89.830595,1.20039,144.491999,139.68316,1.31285,1.08e-4,2550.281815,5.95,3.61,4.424039022
390,punishment,Law,Person/Thing,Noun,0.499636,70.837001,0.999378,29.749204,95.68784,0.56162,2.01e-4,570.157223,5.47,2.86,5.292874353
391,bless,Religion and belief,Action/Process,Verb,0.638954,35.231597,0.948278,131.455018,117.84247,1.16501,7e-6,819.63809,5.33,2.68,3.658289017
410,yam,Agriculture and vegetation,Person/Thing,Noun,0.187178,2.226898,1.483671,1.085209,287.08098,1.66635,4e-6,36.487689,8.34246,4.93,6.123790251
411,gourd,Agriculture and vegetation,Person/Thing,Noun,0.302348,2.743016,1.211167,1.403537,151.06343,1.07283,8e-6,22.248591,10.65,4.86,5.178837237
476,cup,Food and drink,Person/Thing,Noun,0.920028,59.79715,0.903993,146.517723,129.96443,0.68743,3.07e-4,2722.9308810000002,3.57,5,6.188637753
488,manner,Cognition,Person/Thing,Noun,0.691122,480.911306,0.800549,1378.10004,2167.125,0.76063,4.3e-4,26436.665678,5.39,2.34,4.604562167
492,three,Quantity,Number,Function word,1,355.846832,0.363343,336.197837,1557.53774,1.01726,2.29e-4,27508.751112,3.685351,3.62,4.275143482
493,five,Quantity,Number,Function word,1,111.39838,0.400384,140.020937,505.57201,0.89303,8.4e-5,12776.920795,4.50594,3.87,4.545895708
499,cure,The body,Action/Process,Verb,0.84824600000000006,39.830482,0.589453,77.382657,156.21995,1.65951,1.57e-4,736.280036,7.47,3.03,4.390628721
503,frog,Animals,Person/Thing,Noun,1,13.071298,0.470982,16.495181,405.86094,2.77231,2.42e-4,298.427766,4.32,5,5.281379517
505,parents,Kinship,Person/Thing,Noun,0.821946,136.484668,0.395183,205.032208,562.76872,1.16405,4.44e-4,3760.011866,4.22,4.56,5.669998916
506,maize,Agriculture and vegetation,Person/Thing,Noun,0.727014,11.593948,0.84794,29.836021,280.98966,1.32438,3.36e-4,525.363394,4.61,4.96,6.619986555
509,certain,Cognition,Property,Adjective,0.76797,436.902725,0.552118,796.080594,198.70876,0.73407,2.77e-4,15739.543162,4.85,1.73,3.897127952
522,wolf,Animals,Person/Thing,Noun,0.3786,27.73588,0.721217,25.524122,213.11221,2.31105,1.81e-4,455.651142,4.5,4.79,5.019998021
539,nest,Animals,Person/Thing,Noun,1,11.832251,0.485158,14.353702,146.17257,1.17531,7.4e-5,242.954613,5.11,4.86,5.20186608
579,battle,Warfare and hunting,Person/Thing,Noun,1,197.3432,0.325673,227.604561,383.71759,0.89579,0.001506,4095.223969,6.95,4,5.968651226
585,boot,Clothing and grooming,Person/Thing,Noun,0.719752,19.161382,0.853561,44.811909,123.76587,0.7115,2.3e-4,816.671611,3.89,4.96,5.136675848
586,garden,Agriculture and vegetation,Person/Thing,Noun,0.396911,52.910263,0.796388,93.631857,410.11313,1.6195600000000001,4.97e-4,1838.030258,5.33,4.73,5.1896073639999996
590,naked,The body,Property,Adjective,0.928075,28.773759,0.550103,34.625411,95.8304,0.51936,3.08e-4,675.763868,4.68,4.5,6.109547028
593,potato,Food and drink,Person/Thing,Noun,0.736591,43.643744,0.407664,62.696158,310.96346,1.50303,3.87e-4,1177.395432,4.84,4.85,7.027058498
597,physician,The body,Person/Thing,Noun,0.927782,116.856128,0.252544,139.832834,201.91596,0.78252,8.85e-4,2512.904183,4.6,4.69,6.002125064
598,shell,Animals,Person/Thing,Noun,0.736559,9.603585,0.72349,20.445343,192.94795,1.36948,2.75e-4,378.226046,5.22,4.8,5.12674677
603,coat,Clothing and grooming,Person/Thing,Noun,0.716858,9.733024,1.328852,37.967856,122.31447,1.07264,2.72e-4,708.988431,3.58,4.97,5.539998973
605,grain,Agriculture and vegetation,Person/Thing,Noun,0.305241,12.401581,0.640232,18.448558,152.50395,1.14939,1.68e-4,334.32216,7.44,4.8,4.93578302
610,port,Motion,Person/Thing,Noun,0.222978,35.730621,0.841047,26.638271,99.49783,0.5068,8.6e-5,479.976268,8.28,4.57,4.448118205
615,horse,Animals,Person/Thing,Noun,1,53.222855,0.423085,63.824776,1229.01538,1.81261,0.001331,1121.328982,4.15,5,6.312235776
617,ice,The physical world,Person/Thing,Noun,0.935665,37.717019,0.862793,118.852121,127.84423,1.11021,7.13e-4,1949.569861,3.86,4.89,6.425136796
619,animal,Animals,Person/Thing,Noun,1,150.648337,0.269406,153.477532,499.10827,1.11947,0.001767,2870.364877,2.89,4.63,6.372430202
620,insect,Animals,Person/Thing,Noun,0.499929,7.237036,0.360677,6.438908,107.7085,1.07949,3.4e-4,123.405518,4.75,4.89,6.167566103
622,island,The physical world,Person/Thing,Noun,0.824867,60.947439,0.620545,72.376225,259.39972,2.16569,3.49e-4,1306.437259,7.41,4.96,4.636611448
623,lagoon,The physical world,Person/Thing,Noun,0.292531,2.284049,1.485926,1.707396,112.61404,1.2765,6e-6,30.851379,9.42,4.5,4.388477893
628,leaf,Agriculture and vegetation,Person/Thing,Noun,1,24.889503,0.944677,17.927657,806.28872,1.50482,4.83e-4,1610.501335,4.6,5,5.689509089
631,livestock,Animals,Person/Thing,Noun,0.517544,9.265283,1.77595,2.749197,106.38377,0.74881,1.2e-5,51.616731,7.89,4.7,5.193232586
633,market,Possession,Person/Thing,Noun,0.61455,117.018186,0.398526,166.34088,274.36916,1.3835,1.71e-4,3023.138535,7.16,4.7,6.085163937
635,milk,Food and drink,Person/Thing,Noun,1,76.97936,0.474785,69.279761,397.21209,1.39388,6.64e-4,1210.916642,3.37,4.92,6.396153607
636,mill,Food and drink,Person/Thing,Noun,0.421757,7.450562,0.741861,14.975888,220.04212,2.82678,4.4e-5,406.407594,8.17,4.72,4.837033515
640,mud,The physical world,Person/Thing,Noun,1,11.378624,0.595737,12.197752,154.76367,1.67283,2.45e-4,229.30881,4.05,4.86,4.810800215
645,ocean,The physical world,Person/Thing,Noun,0.405767,21.520834,0.665663,35.102903,130.55583,1.19735,8.86e-4,658.261643,4.74,4.86,6.539262436
646,ash,The physical world,Person/Thing,Noun,1,13.637467,2.448982,9.390678,172.71606,1.14068,1.18e-4,276.179175,6.626683,4.96,4.930783751
649,pasture,Animals,Person/Thing,Noun,0.612081,4.350738,0.750347,4.934085,109.96529,1.05874,2.8e-5,96.707209,6.33,4.78,4.634147154
653,plant,Agriculture and vegetation,Person/Thing,Noun,0.393021,60.49945,0.503872,98.045042,672.99474,3.6424,8.34e-4,1324.236132,3.95,4.76,6.020980021
655,poison,The body,Person/Thing,Noun,0.917557,18.060457,0.733946,17.262062,160.46761,1.8197,2.44e-4,200.830614,5.58,4.27,4.223900373
658,rain,The physical world,Person/Thing,Noun,1,184.983184,0.351983,169.78461,441.30809,1.44292,7.76e-4,2599.228716,3.6,4.97,6.463353079
660,reef,The physical world,Person/Thing,Noun,0.155925,2.048917,1.086221,2.66238,190.21413,2.26489,3.8e-5,69.118956,9.72,4.7,4.955146224
661,religion,Religion and belief,Person/Thing,Noun,0.353264,98.730463,1.4013,44.956603,160.13863,1.8124,0.001143,796.202907,7.06,1.71,3.717517985
663,bay,The physical world,Person/Thing,Noun,0.268285,20.039608,0.642424,55.98233,126.336,0.99264,6.9e-5,1082.171462,8.67,4.81,4.983585455
665,bee,Animals,Person/Thing,Noun,1,10.226056,0.670159,24.815119,160.99532,1.3893,4.61e-4,455.354494,5,4.88,5.163787213
671,sand,The physical world,Person/Thing,Noun,1,29.214411,0.545031,29.459815,136.33306,1.04495,5.19e-4,510.234352,4.63,5,5.619874412
676,shit,The body,Action/Process,Verb,1,0.741145,0.22947,0.491962,97.9929,0.4998,9e-6,5.043014,13.2,4.21,5.26740347
677,axe,Basic actions and technology,Person/Thing,Noun,1,4.971216,0.704266,4.196143,228.38234,0.96584,1.23e-4,133.194898,6.11,5,5.494296383
691,season,Time,Person/Thing,Noun,0.366143,112.601499,0.479062,286.061168,236.40998,1.64946,7.9e-5,5181.548502,6.05,3.32,4.336283804
698,wise,Cognition,Property,Adjective,0.82593,24.83646,0.988458,40.818339,118.98184,1.24463,2.25e-4,703.945417,6.79,1.97,4.520399213
701,slow,Time,Property,Adverb,1,115.782353,0.508014,152.623834,281.9161,1.13526,5.21e-4,2751.11243,4.15,3.28,5.690812025
704,clean,Sense perception,Property,Adjective,0.818172,52.356663,0.802255,132.091674,278.88548,0.93004,0.001076,2050.726787,3.89,3.07,6.526684452
706,dark,Sense perception,Property,Adjective,0.673979,71.97524,0.512799,152.855346,261.54687,0.86334,0.001029,2577.276772,3.74,4.29,5.339449095
710,wheel,Motion,Person/Thing,Noun,0.929031,29.431572,0.688194,36.868177,101.23175,0.55261,4.15e-4,670.720854,4.4,4.86,4.655456478
712,rich,Possession,Property,Adjective,0.648427,93.06207,1.115604,87.366582,227.12907,1.89843,7.7e-4,1520.3203799999999,6.32,2.79,4.394311712
714,seed,Agriculture and vegetation,Person/Thing,Noun,1,21.347515,0.779043,53.392297,313.26728,2.24463,2.4e-4,927.32127,4.72,4.71,5.040899137
718,pay,Possession,Action/Process,Verb,0.923319,184.221081,0.508621,314.348957,285.60897,1.13782,2.67e-4,3475.52655,5.5,3.54,4.218444486
719,find,Possession,Action/Process,Verb,1,601.559766,0.632236,1143.24628,739.1409,1.28713,2.8e-4,12885.197270999999,5.78,2.63,4.107739654
720,good luck,Emotions and values,Person/Thing,Noun,0.640316,147.209267,0.690262,171.65117,104.78627,0.43066,1.56e-4,3439.928805,6.53,1.33,4.152173848
722,attack,Warfare and hunting,Person/Thing,Noun,0.509974,72.55451,0.447358,98.3489,105.64348,0.48895,2.06e-4,1590.625927,6.58,3.71,6.146850232
730,snake,Animals,Person/Thing,Noun,1,14.992921,0.434054,20.445343,772.72164,1.46098,5e-4,354.494215,5.1,5,4.951397422
733,earn,Possession,Action/Process,Verb,0.489618,59.586012,1.001365,59.614164,113.55073,0.57263,6.2e-5,510.827648,7.57,2.39,4.24982333
735,owl,Animals,Person/Thing,Noun,0.926227,9.078329,1.477919,13.485534,135.30941,1.18518,1.14e-4,250.37081,6.21,4.93,5.815083801
736,yard,The house,Person/Thing,Noun,0.694664,16.454003,1.242259,65.344069,260.08446,1.36102,1.19e-4,1236.725007,3.94,4.82,5.554379105
740,ship,Motion,Person/Thing,Noun,0.615746,39.229011,0.747433,53.594869,181.77046,2.50922,8.5e-4,841.293385,5.33,4.87,4.857786662
741,drive,Motion,Action/Process,Verb,0.491604,128.83236,1.37788,295.784643,210.69432,1.0007,3.2e-4,3053.09997,5.26,3.86,7.032432316
744,egg,Food and drink,Person/Thing,Noun,1,75.678648,0.532917,105.482343,294.71046,1.31982,7.6e-4,1869.771581,3.89,4.97,5.917642527
753,pupil,Cognition,Person/Thing,Noun,0.866045,184.909604,0.445058,268.972739,135.97003,0.7514,4.08e-4,4902.996144,5.94,4.92,5.288395343
754,hurry,Time,Action/Process,Verb,0.833279,31.08211,0.907938,89.464654,154.05535,0.94206,2.6e-4,1369.029961,4.44,2.9,5.599923705
755,deny,Speech and language,Action/Process,Verb,0.760898,64.409526,0.513272,88.842467,153.68724,1.64155,2.15e-4,886.087214,7.8,3.04,5.019088786
757,button,Clothing and grooming,Person/Thing,Noun,0.91664,36.567246,0.510087,68.107735,90.62595,0.39919,2.12e-4,1277.662415,4.78,4.96,5.826725073
758,heron,Animals,Person/Thing,Noun,0.259983,0.893343,1.082585,1.475885,107.51813,1.20637,6e-6,28.774844,10.35,4.38,3.479851943
759,silver,Basic actions and technology,Person/Thing,Noun,0.833473,33.353542,1.345695,39.97911,123.93805,0.90594,3.29e-4,728.567191,6.21,4.52,4.797850397
761,cover,Spatial relations,Action/Process,Verb,1,70.359728,0.821588,250.56759,225.34096,0.79685,2.79e-4,3235.241768,5.42,4.23,4.518061038
765,move,Motion,Action/Process,Verb,0.922023,127.240621,0.940573,469.866683,625.04212,2.31482,4.96e-4,4795.312964,4.62,3.25,7.002287415
770,earring,Clothing and grooming,Person/Thing,Noun,1,6.235941,0.791397,9.217044,172.95954,2.869,7.6e-5,208.543459,7.17,4.96,5.83488982
777,flute,Speech and language,Person/Thing,Noun,0.59619,4.213656,1.131636,3.790998,109.80005,0.51365,1.01e-4,70.602195,8.47,5,6.054203466
781,fear,Emotions and values,Person/Thing,Noun,0.917557,211.158256,0.465057,133.234762,172.39973,1.01913,7.88e-4,2324.236132,4.79,2.57,5.732314912
783,victory,Warfare and hunting,Person/Thing,Noun,0.843515,80.903085,0.580742,45.245993,107.84822,0.8851,1.47e-4,894.096707,7.53,2.55,4.56352276
784,snow,The physical world,Person/Thing,Noun,0.573194,154.301325,0.802787,109.649546,160.98443,1.19721,7.45e-4,1738.653219,4.11,4.85,5.860981552
788,soap,Clothing and grooming,Person/Thing,Noun,1,11.162704,0.9328,19.663992,111.41526,0.5672,3.05e-4,342.035004,3.17,4.93,6.258148444
790,ready,Time,Property,Adjective,0.833827,234.312401,0.593902,363.443825,378.97218,0.6802,1.64e-4,7188.668051,5.53,2.07,3.92161238
792,boil,Food and drink,Action/Process,Verb,1,32.313339,0.755522,35.001617,199.97955,1.68229,5.8e-5,382.379116,6.6,4.2,4.598446925
798,jaw,The body,Person/Thing,Noun,1,5.57195,0.714045,10.40354,102.01912,0.71659,4.1e-5,201.127262,5.33,4.87,5.736616632
799,wrist,The body,Person/Thing,Noun,0.906942,6.146999,0.46024,11.705791,95.14901,0.57088,5.5e-5,225.749036,5.94,4.93,6.590839994
801,rib,The body,Person/Thing,Noun,1,5.348337,0.662475,14.281354,98.76304,0.52905,4.5e-5,260.753486,6.3,4.9,5.183550609
803,ankle,The body,Person/Thing,Noun,1,5.278887,0.696049,14.498396,98.73653,0.63453,6.3e-5,279.145654,4.89,4.81,6.183931588
806,blanket,The house,Person/Thing,Noun,0.915861,15.897505,0.731696,23.339234,139.25658,1.01719,2.77e-4,438.148917,3.61,5,5.725146319
809,trousers,Clothing and grooming,Person/Thing,Noun,1,42.654644,0.427562,63.072364,208.55678,0.96411,5.58e-4,1176.20884,5.94,4.93,5.725453886
812,slave,Social and political relations,Person/Thing,Noun,0.339002,18.421052,0.539172,19.287786,112.52059,0.73696,1.56e-4,340.255117,7.84,4.38,4.52345063
820,lamb,Animals,Person/Thing,Noun,0.501679,7.520632,0.726227,14.614152,98.02076,0.54168,1.15e-4,297.537823,4.15,4.97,5.557446919
827,roll,Motion,Action/Process,Verb,1,25.628237,1.105693,122.599711,127.16255,0.67785,1.8e-4,1962.325719,4.47,4.16,4.765282666
832,bean,Food and drink,Person/Thing,Noun,0.618199,18.778874,0.770035,50.585222,163.5256,1.48429,2.06e-4,883.714031,3.42,5,5.562288502
834,buttocks,The body,Person/Thing,Noun,1,130.316241,0.842533,252.274986,111.1009,0.67104,2.66e-4,1238.504895,3.73,4.75,5.245418873
843,spider,Animals,Person/Thing,Noun,1,8.746488,0.526656,17.160776,119.69013,1.47992,2.05e-4,304.657372,3.43,4.97,4.735519991
850,square,Spatial relations,Person/Thing,Noun,0.507091,57.155879,1.184769,65.112557,121.12789,0.88176,3.56e-4,1176.802136,4.11,4.33,4.051926586
852,priest,Religion and belief,Person/Thing,Noun,0.578435,34.678509,0.900891,17.551452,129.57713,0.77741,2.76e-4,317.116583,7.1,4.77,5.078567189
854,kettle,Food and drink,Person/Thing,Noun,0.458163,5.597906,0.874529,5.657558,99.00611,0.52632,3.7e-5,113.616138,8.06,4.75,4.868354971
858,storm,The physical world,Person/Thing,Noun,0.866162,31.762961,0.38933,58.760466,100.43324,0.66834,2.28e-4,1091.070899,4.94,4.7,5.535003243
859,stove,The house,Person/Thing,Noun,0.325619,10.756344,0.953935,9.520903,183.33933,1.67407,9.7e-5,179.768615,4.32,4.96,4.742293076
860,cause,Cognition,Person/Thing,Noun,0.534845,159.126321,0.790245,288.622262,144.64215,1.09583,1.14e-4,4629.190151,5.84,2.43,3.623467379
861,judge,Law,Person/Thing,Noun,0.511487,55.849477,0.613822,100.446972,111.64658,0.94384,3.64e-4,1469.593592,8.85,3.75,4.791744662
862,sugar,Food and drink,Person/Thing,Noun,1,76.36451,1.04097,96.033787,282.36541,2.83959,4.8e-4,1678.730347,3.95,4.87,6.017283032
873,tax,Possession,Person/Thing,Noun,0.534691,36.301631,0.589073,66.487156,110.20384,1.25504,2.28e-4,1620.884011,8.94,3.89,3.370045772
878,hell,Religion and belief,Person/Thing,Noun,0.580389,53.523319,0.785278,190.707445,105.38974,0.49901,2.53e-4,3858.498962,5.11,2.41,3.335652292
879,cough,The body,Action/Process,Verb,1,16.194251,0.755144,25.610939,114.49431,1.03873,1.28e-4,291.901513,4.32,4.36,6.342003705
882,parrot,Animals,Person/Thing,Noun,0.633586,3.77253,0.656082,3.053055,122.1492,1.91504,4.8e-5,52.210027,5.58,5,5.187882012
887,bitter,Sense perception,Property,Adjective,1,22.531878,0.580908,27.072354,166.18135,1.26112,1.27e-4,505.784634,8.81,2.93,5.244103595
889,flame,The physical world,Person/Thing,Noun,0.931384,15.682278,0.754177,16.610937,102.59958,0.53583,1.72e-4,314.7434,6.25,4.67,5.207092455
890,mule,Animals,Person/Thing,Noun,0.469414,1.663611,0.841766,2.257235,92.96971,0.52038,3.7e-5,52.210027,5.65,5,4.811481103
891,tide,The physical world,Person/Thing,Noun,0.207732,4.954948,1.278218,11.416402,155.15742,1.50129,5.6e-5,217.442895,6.68,4.1,4.853509515
897,swallow,Food and drink,Action/Process,Verb,1,11.824682,0.675465,15.45338,104.63472,0.42041,7.5e-5,187.184812,5.17,3.89,5.897158212
911,temple,Religion and belief,Person/Thing,Noun,0.268222,164.724204,0.661183,193.109375,685.13461,2.14816,0.001245,3241.471373,5.15,4.9,6.258654518
913,crow,Animals,Person/Thing,Noun,0.873304,3.995925,0.632537,10.186498,311.63977,4.26908,8.5e-5,182.141798,5.74,4.93,4.909983747
917,ornament,Clothing and grooming,Person/Thing,Noun,0.749677,9.755263,0.907173,8.189713,97.3114,0.58919,3.7e-5,145.654109,6.1,4.04,5.59506767
921,valley,The physical world,Person/Thing,Noun,0.773148,39.622333,1.810361,37.229913,119.57745,1.15564,7e-5,711.95491,7.94,4.72,4.244919437
924,vegetables,Food and drink,Person/Thing,Noun,0.506933,46.922817,0.292332,43.683291,175.05689,1.65076,5.9e-4,1310.293681,4.17,4.89,6.849642652
925,cassava,Agriculture and vegetation,Person/Thing,Noun,0.109495,1.563122,0.947802,1.143087,116.00256,1.07763,4e-6,20.172056,9.16,4.64,5.764903079
926,rice,Agriculture and vegetation,Person/Thing,Noun,0.776512,53.587443,1.703684,47.966251,406.63585,1.82471,1.65e-4,831.207357,3.72,4.86,6.210567469
932,barley,Agriculture and vegetation,Person/Thing,Noun,0.422011,2.235652,0.780748,6.583603,103.65199,0.61359,2.3e-5,123.702166,9.8,4.59,5.473879478
933,wall,The house,Person/Thing,Noun,0.847009,97.369024,0.46969,134.33444,184.08911,1.09321,4.55e-4,2504.598042,3.79,4.86,4.998556169
937,bird,Animals,Person/Thing,Noun,1,54.98238,0.446944,90.535394,733.98399,1.14798,0.001684,1648.768911,3.52,5,5.497980712
938,mare,Animals,Person/Thing,Noun,0.491736,2.887416,0.806276,2.344052,132.59728,1.60287,1.5e-5,43.013942,8.84,4.75,4.396856156
942,honey,Food and drink,Person/Thing,Noun,0.909055,25.285642,0.590577,43.017696,182.35553,2.59315,2.18e-4,810.442005,5.44,4.88,6.270436665
943,waterfall,The physical world,Person/Thing,Noun,0.829236,6.191975,0.946937,5.729905,112.7691,1.22543,4.8e-5,106.199941,5.47,4.9,4.988966174
946,blood,The body,Person/Thing,Noun,1,93.665791,0.642129,95.353723,357.42104,1.08178,9.75e-4,1704.242065,4.89,4.86,5.695234611
948,water,The physical world,Person/Thing,Noun,1,296.240156,0.616174,291.921298,1806.90196,0.60841,0.003702,4876.297834,2.37,5,6.892788487
951,weapons,Warfare and hunting,Person/Thing,Noun,0.7896,47.493947,0.47209,32.729912,127.17416,0.68475,3e-4,606.051617,6.95,4.76,5.866098599
952,weather,The physical world,Person/Thing,Noun,0.510516,133.475315,0.817156,163.620622,112.66855,0.60228,3.65e-4,3155.4434890000002,5.94,3.83,5.208689466
957,whale,Animals,Person/Thing,Noun,0.284024,5.743261,0.612027,11.73473,106.85166,0.86504,1.46e-4,201.720558,5.47,4.96,5.180201043
960,wind,The physical world,Person/Thing,Noun,1,93.673614,0.511907,73.389087,286.65947,1.63271,5.86e-4,1382.675764,3.89,3.93,5.883339833
964,wool,Clothing and grooming,Person/Thing,Noun,0.493396,14.835861,1.054586,8.971063,106.64543,0.85353,2.29e-4,163.156333,8.06,4.86,5.310065604
965,world,The physical world,Person/Thing,Noun,0.905605,879.768409,0.395088,897.381264,433.68881,0.97088,0.001127,16683.180065,5.32,4.8,7.064036382
970,coconut,Agriculture and vegetation,Person/Thing,Noun,0.360942,10.781971,1.028667,22.254025,710.96111,2.42127,4.6e-5,385.642243,6.5,4.79,6.273697189
977,arrow,Warfare and hunting,Person/Thing,Noun,0.844387,8.689915,0.481957,9.477494,313.30004,1.38076,2.12e-4,175.912192,6.07,4.97,4.949437432
978,wave,The physical world,Person/Thing,Noun,0.866162,57.511859,0.515361,58.63024,121.92951,1.22457,4.07e-4,889.053693,4.26,4.55,5.708306501
979,farmer,Agriculture and vegetation,Person/Thing,Noun,0.49561,21.000738,0.851892,37.866569,149.21777,0.93562,1.13e-4,705.725304,4.74,4.54,4.808002225
996,deaf,The body,Property,Adjective,0.931968,9.099646,0.470832,6.945339,113.62637,0.82814,8e-5,127.855236,6.83,3.27,2.907946069
1001,blacksmith,Basic actions and technology,Person/Thing,Noun,0.642788,13.391542,0.940186,52.263679,118.05299,0.81085,2.8e-5,979.827944,9.84,4.38,4.331129426
1002,statue,Basic actions and technology,Person/Thing,Noun,0.197906,10.535258,0.609635,10.577173,92.32349,0.47628,1.49e-4,198.160783,7.55,4.93,4.842405795
1005,twins,Kinship,Person/Thing,Noun,1,15.216073,0.634327,38.836023,121.70016,1.17179,1.53e-4,730.940374,6.06,4.17,4.122795884
1006,brick,The house,Person/Thing,Noun,0.644976,5.212767,0.646545,13.948557,108.65785,0.66618,1.78e-4,375.259567,6.43,4.83,4.722119573
1007,cow,Animals,Person/Thing,Noun,0.760078,29.059922,0.80993,27.231518,827.71133,1.33872,6.92e-4,499.555028,3.94,4.96,4.965558625
1008,bull,Animals,Person/Thing,Noun,0.640734,12.657708,1.056245,49.03699,264.73285,1.97289,1.46e-4,933.254227,4.53,4.85,5.207771829
1011,bridge,Motion,Person/Thing,Noun,1,40.160306,0.516485,45.737954,187.55344,1.17139,1.8e-4,828.834174,5.58,4.97,4.722555939
1014,or,Cognition,Other,Function word,0.841878,2036.682133,0.620637,3104.147116,2524.08582,0.70457,1.05e-4,51830.910709,4.143602,1.72,2.168675032
1021,towel,Clothing and grooming,Person/Thing,Noun,0.927176,10.097477,0.407479,19.172031,102.70239,0.68083,1.11e-4,351.527737,3.22,4.86,6.48426142
1038,teacher,Cognition,Person/Thing,Noun,1,135.454119,0.771564,148.615795,216.02837,1.27553,6.15e-4,2743.399585,4.55,4.52,5.064921354
1044,pillow,The house,Person/Thing,Noun,0.76903,16.972163,0.642997,24.78618,93.99606,0.41122,2.08e-4,451.201424,3.47,5,6.935973787
1062,law,Law,Person/Thing,Noun,0.627963,261.995098,0.673928,172.533807,524.0816,1.77033,7.92e-4,3011.865915,8.33,2.57,3.834284729
1063,nephew,Kinship,Person/Thing,Noun,0.432564,11.317073,0.800059,16.162384,127.82579,0.89832,2.5e-5,320.379709,6.37,4.48,3.887494674
1067,judgment,Law,Person/Thing,Noun,0.403839,37.099843,0.402358,27.969461,90.95574,0.40346,8.6e-5,525.956689,8.939252,1.68,4.323381754
1068,court,Law,Person/Thing,Noun,0.402154,70.045443,0.601453,102.805493,135.7241,0.8762,4.97e-4,1784.336992,8.39,4.31,4.756091907
1069,glue,Basic actions and technology,Person/Thing,Noun,0.761702,9.62897,0.887686,19.056275,88.40518,0.39272,1.99e-4,304.064076,4.67,4.65,5.158058037
1071,hook,Warfare and hunting,Person/Thing,Noun,0.75114,11.17309,1.381935,48.964643,114.31323,0.48817,8.8e-5,634.529813,6.26,4.79,4.609018378
1077,wheat,Agriculture and vegetation,Person/Thing,Noun,0.588734,8.557459,0.689286,17.971066,116.36243,0.94342,2.17e-4,314.7434,6.53,4.89,6.019550808
1081,bill,Possession,Person/Thing,Noun,0.425694,32.875821,0.90257,128.517719,120.63184,1.7024,2.73e-4,2358.647286,6.4242,4.68,4.377626541
1082,merchant,Possession,Person/Thing,Noun,0.555177,11.174752,0.939412,8.117365,134.61835,1.4589,2.4e-5,162.26639,9.8,4.31,4.433205842
1098,weigh,Possession,Action/Process,Verb,0.667107,19.740623,0.596325,24.540199,105.00692,0.71713,3e-5,183.328389,6.62,3.79,3.324168416
1100,cook,Food and drink,Action/Process,Verb,0.920703,38.111344,1.794333,110.401958,499.21134,0.87784,2.62e-4,1455.651142,4.22,4.32,7.028219476
1103,sacrifice,Religion and belief,Person/Thing,Noun,0.381619,29.399953,0.936158,30.545024,152.85508,1.95633,5.4e-5,460.397508,9.61,2.8,4.018056654
1115,speech,Speech and language,Person/Thing,Noun,0.642526,78.809217,0.836316,55.200979,166.4631,1.24047,3.49e-4,1035.597745,6.22,3.37,5.887319915
1121,secret,Cognition,Property,Adjective,0.825905,84.082134,0.380135,103.456619,112.12859,0.79362,5.09e-4,1983.981015,5.39,2.19,4.311476404
1124,pipe,Agriculture and vegetation,Person/Thing,Noun,0.75403,9.387523,1.023809,17.768493,126.88912,0.85002,2.21e-4,295.461287,8.17,4.88,4.373074698
1125,bald,The body,Property,Adjective,1,11.310807,1.359795,6.916401,144.99115,2.28259,8.6e-5,135.271433,7.26,4.69,5.316503354
1133,match,The physical world,Person/Thing,Noun,1,103.138463,0.819195,84.414813,131.42139,0.88298,1.22e-4,1484.129338,5.72,4.14,3.544789322
1135,kick,Motion,Action/Process,Verb,0.913191,21.807534,1.29711,127.852124,107.68844,0.54088,7.9e-5,1618.21418,4.06,4.33,5.909194699
1136,rabbit,Animals,Person/Thing,Noun,0.735838,15.478505,0.894908,12.168813,293.14224,2.94101,2.3e-4,295.757935,3.94,4.93,4.501536406
1143,oven,Food and drink,Person/Thing,Noun,0.713337,46.238952,0.93721,47.228308,144.40933,1.37378,1.67e-4,824.384456,5.67,4.97,5.104911909
1145,swamp,The physical world,Person/Thing,Noun,0.811384,5.594522,0.997481,7.799037,114.03883,1.10547,8.7e-5,108.57312400000001,7.95,4.96,5.048288068
1149,orphan,Kinship,Person/Thing,Noun,0.788395,8.317869,1.24765,7.900324,126.1059,1.0129,2.5e-5,128.448532,6.94,4.04,3.615204975
1150,thunder,The physical world,Person/Thing,Noun,1,8.790012,0.798092,28.736342,105.15677,0.86208,8.2e-5,558.587956,4.89,4.34,4.428124593
1153,cattle,Animals,Person/Thing,Noun,0.3592,6.298921,1.172068,7.20579,335.55047,1.3734,1.04e-4,119.252447,6.53,4.64,5.95029255
1155,cave,The physical world,Person/Thing,Noun,1,76.477126,2.894599,18.159169,253.64297,1.41233,1.89e-4,272.916049,6.74,4.96,4.500787893
1156,open,Spatial relations,Action/Process,Verb,1,346.023717,0.498621,488.112668,438.43412,0.7747,5.12e-4,6478.196381,5,3.21,4.725517756
1159,fart,The body,Action/Process,Verb,1,15.996438,1.182777,11.662382,121.28827,1.17172,7.6e-5,183.031741,5.78,4.18,6.079942052
1161,thread,Clothing and grooming,Person/Thing,Noun,1,38.184252,0.596214,41.093258,147.98083,1.08938,2.74e-4,681.993474,6.61,4.93,5.816545223
1162,intention,Cognition,Person/Thing,Noun,0.535045,141.702146,0.586165,104.816748,129.70410999999999,0.71302,1.32e-4,2037.080985,8.37,1.7,3.694579019
1169,ox,Animals,Person/Thing,Noun,0.535425,3.074128,0.660028,1.374598,262.88125,2.85776,5.3e-5,37.080985,4.72,4.86,3.704276712
1171,mirror,Clothing and grooming,Person/Thing,Noun,1,35.681372,0.55386,41.889079,126.62501,1.28713,2.21e-4,738.356571,4.89,4.97,5.780473142
1174,yesterday,Time,Other,Function word,1,379.407678,0.408861,207.969508,219.64469,0.95218,6.8e-5,4202.907149,4.580539,3,2.967339632
1175,ghost,Religion and belief,Person/Thing,Noun,0.799534,25.754137,1.049362,41.122197,108.69254,0.60534,4.62e-4,762.088401,5.06,3.19,4.07728782
1185,vulture,Animals,Person/Thing,Noun,0.438111,1.754596,0.907617,2.416399,123.37566,1.58561,2.4e-5,45.387125,8.89,4.73,4.236925805
1188,charcoal,The physical world,Person/Thing,Noun,1,2.844053,1.34091,3.47267,128.00878,1.25307,2.2e-5,60.516167,8,4.85,4.838724035
1208,cat,Animals,Person/Thing,Noun,1,139.121299,1.311154,127.910001,316.49077,1.95604,0.001194,2339.958469,3.68,4.86,6.349945313
1216,mother,Kinship,Person/Thing,Noun,1,267.837702,0.62371,315.984006,2190.31732,0.71879,6.43e-4,5730.940374,2.63,4.6,5.761231245
1217,father,Kinship,Person/Thing,Noun,1,189.061304,0.684797,150.713866,2342.12614,0.55295,3.46e-4,2636.606348,4.11,4.52,5.65556169
1218,rope,Basic actions and technology,Person/Thing,Noun,1,21.796062,0.731449,23.46946,314.43227,0.88702,4.59e-4,419.163453,5.44,4.93,5.16614002
1220,tail,The body,Person/Thing,Noun,1,26.915233,0.759174,21.950167,343.61198,1.65412,2.08e-4,401.067932,3.7,4.96,4.891548431
1222,penis,The body,Person/Thing,Noun,1,8.300775,0.589957,11.329585,107.4375,0.90042,4.44e-4,219.222783,8.53,5,6.148920819
1223,heart,The body,Person/Thing,Noun,1,354.927462,1.140387,357.352184,334.82636,1.06572,6.4e-4,6758.528627,5.17,4.52,4.810590877
1231,new,Time,Property,Adjective,1,1467.618671,0.300601,1826.609803,359.44126,1.06023,6.47e-4,33177.395432,4.72,2.81,5.558039527
1234,smooth,Sense perception,Property,Adjective,1,19.822876,0.737445,41.180075,124.08493,1.09162,4.3e-4,743.399585,5.61,3.81,5.733024216
1242,few,Quantity,Other,Function word,0.914384,547.20145,0.830011,1581.092054,2169.23717,1.11388,5.51e-4,29529.516464,3.95,3.67,4.52619739
1245,butter,Food and drink,Person/Thing,Noun,0.607122,40.918372,0.956029,77.541821,124.94195,0.74779,3.22e-4,1338.178582,5.78,4.9,6.766638915
1247,ear,The body,Person/Thing,Noun,1,69.627181,0.341458,63.651142,290.66981,1.16497,4.33e-4,1208.543459,3.63,5,5.396707067
1248,eye,The body,Person/Thing,Noun,1,386.023971,0.506737,315.043491,552.09109,1.10215,0.001269,6028.774844,3.75,4.9,6.105827573
1256,head,The body,Person/Thing,Noun,1,489.189821,1.140143,475.697874,1280.3826100000001,0.82078,6.58e-4,7745.179472,3.42,4.75,6.217219634
1257,wing,The body,Person/Thing,Noun,1,20.504598,0.504941,38.90837,147.98212,0.90386,2.41e-4,1083.654702,4.79,4.86,4.50424909
1262,brother,Kinship,Person/Thing,Noun,0.407712,152.470756,0.589493,171.000045,1667.1301,1.04122,3.46e-4,3330.169089,3.63,4.43,5.082499671
1263,sister,Kinship,Person/Thing,Noun,0.458721,112.911164,0.441897,177.713873,763.10009,1.00018,2.6e-4,2947.196678,3.68,4,5.270912852
1264,change,Spatial relations,Action/Process,Verb,0.722958,511.35429799999997,0.318122,602.725238,239.02651,1.01696,9.62e-4,7925.541382,4.26,3.07,5.233446794
1269,no,Cognition,Other,Function word,0.731738,1644.434394,0.659948,2114.667757,4217.49315,1.16865,6.46e-4,38833.283892,2.715564,2.45,5.860412077
1270,why,Cognition,Other,Function word,1,796.112507,0.60007,941.860375,1508.43676,0.66,1.99e-4,18059.329576,3.97309,1.86,2.865671085
1272,aunt,Kinship,Person/Thing,Noun,0.295192,42.60056,0.291604,32.25242,219.76916,1.12236,8.9e-5,600.415307,3.8,4.48,4.123174466
1273,candle,The house,Person/Thing,Noun,0.934594,18.370337,0.494384,23.18007,161.13287,2.25399,2.3e-4,425.096411,5.37,4.86,6.032885779
1274,salt,Food and drink,Person/Thing,Noun,1,59.59041,0.842324,67.659182,227.41108,1.10735,3.45e-4,1196.974192,5.05,4.89,5.715969578
1275,answer,Speech and language,Action/Process,Verb,1,274.546834,0.619398,300.284645,257.371,0.90944,3.38e-4,4616.73094,5.43,2.96,5.893838049
1276,autumn,Time,Person/Thing,Noun,0.427464,57.648057,0.787219,13.644698,99.29355,0.58021,1e-4,259.566894,6,3.27,4.849100295
1281,prison,Law,Person/Thing,Noun,0.856422,34.919848,0.497623,55.389082,200.96005,1.67629,6.76e-4,1055.176505,5.74,4.83,5.352116003
1283,today,Time,Other,Function word,1,1568.499958,0.488262,1478.778523,1017.54947,0.97504,1.11e-4,29315.633343,4.772365,2.57,3.759593526
1289,baby,Kinship,Person/Thing,Noun,0.859286,91.023977,0.902936,352.418099,329.59705,1.63139,0.001681,6456.541086,3.84,5,6.634214336
1290,elephant,Animals,Person/Thing,Noun,0.518785,15.280277,0.84444,15.959811,175.17762,1.73951,2.76e-4,285.671907,4.8,5,5.241977205
1302,fork,Food and drink,Person/Thing,Noun,0.750507,4.424778,1.087411,13.557881,102.81193,1.12364,1.75e-4,249.480866,3.63,4.9,6.247655603
1305,chimney,The house,Person/Thing,Noun,0.405311,2.957316,1.045432,2.430869,94.86645,0.56661,4.4e-5,43.607238,6.58,5,4.926455487
1306,queen,Social and political relations,Person/Thing,Noun,0.398815,30.209533,0.459671,56.590047,96.4547,0.52804,3.95e-4,1063.482646,4.42,4.45,4.338439067
1308,doubt,Cognition,Person/Thing,Noun,0.617648,116.347024,0.695098,93.791021,92.52182,0.41589,1.2e-4,1872.441412,8.79,1.79,4.979060139
1309,ask,Speech and language,Action/Process,Verb,1,363.809199,0.726901,609.540353,585.64953,0.67572,2.49e-4,5175.318896,2.89,2.52,5.090093978
1312,fox,Animals,Person/Thing,Noun,0.516917,8.392645,1.073896,39.805477,285.4083,1.64973,1.28e-4,800.05933,5.017476,4.97,4.5154785650000004
1316,tent,The house,Person/Thing,Noun,0.430567,14.815766,0.550512,16.625406,228.41558,2.18902,2.12e-4,303.767428,5.16,4.96,5.505573542
1318,chicken,Animals,Person/Thing,Noun,0.806851,63.762255,1.084517,113.180094,322.7467,1.36002,5.56e-4,2159.003263,3.26,4.8,6.401547033
1322,breakfast,Food and drink,Person/Thing,Noun,0.644956,66.337725,0.561301,97.393916,110.61804,0.54078,3.26e-4,1865.618511,3.47,4.43,7.002864876
1324,slip,Motion,Action/Process,Verb,1,13.872923,0.931127,35.073964,104.48801,0.53282,7.7e-5,411.15396,6.17,4.1,5.516784253
1325,friend,Social and political relations,Person/Thing,Noun,1,537.503611,0.481724,885.921454,829.63096,0.95452,0.00153,16975.971522,3.57,3.07,4.933733037
1327,uncle,Kinship,Person/Thing,Noun,0.198828,38.276436,0.777575,33.294221,488.00027,1.15724,9.8e-5,618.21418,4.47,4.24,5.127973637
1329,tomorrow,Time,Other,Function word,1,514.71876,0.599958,498.342574,424.21034,1.00803,8.7e-5,10009.492732,5.187988,2.04,2.2833486
1331,sheep,Animals,Person/Thing,Noun,0.7414,16.730696,0.536616,15.482319,332.43793,1.83278,3.52e-4,267.873035,4.25,4.9,5.328437721
1332,neighbour,Social and political relations,Person/Thing,Noun,0.738119,92.419483,0.352822,64.967863,209.80652,1.04153,8.4e-5,1224.562444,5.06,4.64,5.347002421
1337,pig,Animals,Person/Thing,Noun,1,26.965717,0.298092,31.008047,587.22664,1.33399,5.35e-4,565.114209,3.84,5,4.927050121
1338,peace,Warfare and hunting,Person/Thing,Noun,0.562489,86.544744,0.628187,103.369802,154.29994,0.93241,4.74e-4,1940.967072,6.32,1.62,3.814522384
1342,summer,Time,Person/Thing,Noun,0.660155,165.054814,0.5698,272.893962,156.24357,1.26046,5.59e-4,5229.30881,4.33,3.64,5.288410754
1343,sun,The physical world,Person/Thing,Noun,1,211.727033,0.513622,140.614185,503.85608,1.07585,9.7e-4,2692.969445,3.4,4.83,5.928948427
1344,ram,Animals,Person/Thing,Noun,0.456349,6.794522,0.161888,6.627011,104.16575,0.76665,3.2e-5,201.720558,8.32,4.55,4.257507715
1348,boar,Animals,Person/Thing,Noun,0.653533,2.3313990000000002,0.677248,1.114148,128.09262,1.27182,1.7e-5,21.951943,9.83,4.8,3.965276949
1350,monkey,Animals,Person/Thing,Noun,0.697344,15.907169,0.629048,24.655955,363.60494,2.09295,3.15e-4,452.981311,4.21,4.9,4.625741619
1357,daughter,Kinship,Person/Thing,Noun,0.916594,98.774207,0.622725,132.236369,719.5141,1.20187,1.03e-4,2504.598042,4.95,4.79,4.666814704
1358,enemy,Social and political relations,Person/Thing,Noun,0.909982,52.550304,0.805639,53.218663,148.99267,1.1284,2.84e-4,1001.483239,7.26,2.96,4.631961965
1360,duck,Animals,Person/Thing,Noun,0.719074,15.398672,0.847514,33.091649,204.93494,2.32315,2.78e-4,570.750519,3.5,4.86,5.535858678
1361,tool,Basic actions and technology,Person/Thing,Noun,0.587263,75.418097,0.466891,101.995204,146.85155,1.1328,8.12e-4,1959.062593,5.37,4.6,6.257104327
1368,bread,Food and drink,Person/Thing,Noun,0.916959,64.59726,0.450699,70.856932,312.24116,1.58622,7.55e-4,1193.414417,3.58,4.92,6.827404578
1369,gold,Basic actions and technology,Person/Thing,Noun,0.799829,64.94407,0.512768,76.948573,306.2646,2.6123,6.4e-4,1400.771284,7.1,4.81,5.074246622
1374,ring,Clothing and grooming,Person/Thing,Noun,1,36.639243,0.578942,77.816741,214.86923,1.54876,5e-4,1317.41323,4.53,4.81,5.451932283
1375,window,The house,Person/Thing,Noun,0.929031,108.239533,0.528891,116.725111,178.04382,0.86486,4.77e-4,2199.050727,4.74,4.86,5.545691485
1378,spoon,Food and drink,Person/Thing,Noun,1,33.119254,1.115027,21.501613,169.87982,1.51271,2.29e-4,404.331059,2.5,4.96,6.035669499
1381,shoe,Clothing and grooming,Person/Thing,Noun,1,60.484817,0.42303,108.260479,248.16209,1.25031,8.32e-4,1925.244735,2.6,4.97,5.939249496
1384,second,Quantity,Other,Function word,0.663402,373.344378,0.585135,309.067605,442.25062,0.99203,1.49e-4,7539.89914,4.68,3.3,2.60369722
1385,pepper,Food and drink,Person/Thing,Noun,0.460847,33.266395,0.740664,55.909982,108.1542,0.75179,1.31e-4,1052.210027,5.47,4.89,6.495100529
1386,lion,Animals,Person/Thing,Noun,0.726088,24.318198,0.560668,28.77975,230.74464,2.19748,3.02e-4,549.68852,4.42,4.96,5.83708195
1388,shade,The physical world,Person/Thing,Noun,1,50.018538,0.487946,81.173655,216.38251,1.59621,2.18e-4,1494.808662,5,4.54,5.008856865
1390,wrong,Emotions and values,Property,Adjective,0.825905,158.905686,0.560425,255.559553,242.60382,0.91488,8.18e-4,4933.550875,4.22,2.1,4.487885018
1391,town,Social and political relations,Person/Thing,Noun,0.792083,392.983716,0.528537,521.884381,404.01535,1.15234,7.35e-4,9663.008009,5.11,4.79,6.299401221
1399,clay,Basic actions and technology,Person/Thing,Noun,0.813318,7.51789,1.200209,15.887464,150.04697,1.49199,1.17e-4,289.824978,5.32,4.93,4.462702163
1403,bite,The body,Action/Process,Verb,1,20.084483,0.64983900000000006,43.466249,231.46189,0.93661,2.42e-4,795.312964,3.58,4.44,5.411996875
1427,beautiful,Emotions and values,Property,Adjective,1,538.771854,1.090526,341.913273,406.15995,1.36373,5.85e-4,6703.352121,5.72,2.16,5.239430664
1430,star,The physical world,Person/Thing,Noun,1,111.15031,0.407443,178.307121,135.59567,1.12601,8.8e-4,3148.917235,3.89,4.69,4.945059227
1440,spit,The body,Action/Process,Verb,1,9.608738,1.424152,10.779746,124.77392999999999,0.84834,9.2e-5,215.959656,5.06,4.71,5.308366693
1441,fly,Motion,Action/Process,Verb,1,61.202109,0.52713,119.864983,263.31156,0.93671,5.61e-4,1450.31148,3.05,4.64,4.1829666659999996
1450,room,The house,Person/Thing,Noun,0.899814,164.688962,0.627693,349.480799,316.491,1.21283,4.82e-4,6402.551172,4.22,4.79,4.734011009
1453,wash,Basic actions and technology,Action/Process,Verb,1,56.130587,0.773532,70.249215,325.23038,1.36585,2.14e-4,764.164936,4,4.35,5.487299686
1457,sew,Clothing and grooming,Action/Process,Verb,1,27.739178,1.084004,67.630243,142.08932,0.94434,1.7e-4,579.353308,6.05,4.32,5.754785327
1463,drunk,The body,Property,Adjective,1,25.996143,0.636158,59.151141,233.07765,0.84913,5.29e-4,1173.242361,9.26,3.48,6.127984519
1464,ladder,The house,Person/Thing,Noun,1,5.747354,0.708656,8.609327,271.39629,2.00509,1.09e-4,161.673094,4.39937,5,5.92474433
1469,week,Time,Person/Thing,Noun,0.916959,659.187178,0.44404,1067.744653,258.11188,1.25407,8.8e-5,20140.314447,5.11,3.48,3.278832703
1472,key,The house,Person/Thing,Noun,1,68.708741,0.688376,118.475915,91.09709,0.4387,2.99e-4,2275.289232,3.58,4.89,5.537070313
1474,sea,The physical world,Person/Thing,Noun,0.756417,113.172424,0.549277,62.001624,608.2714,1.97557,9.67e-4,1156.63008,4.74,4.79,5.701552139
1475,comb,Clothing and grooming,Person/Thing,Noun,1,2.431126,1.095799,5.483924,116.41577,1.00878,3.5e-5,71.492139,5.5,5,6.382479447
1476,chair,The house,Person/Thing,Noun,1,29.999105,0.67391,61.639888,143.02032,1.50217,4.76e-4,1130.821715,3.43,4.58,6.048896535
1481,hammer,Basic actions and technology,Person/Thing,Noun,1,10.002652,1.296817,14.93248,105.48756,0.77676,2.55e-4,237.318303,5.42,4.77,6.423217185
1482,shoulder,The body,Person/Thing,Noun,1,36.479805,0.547235,46.302263,193.23083,0.86697,1.2e-4,902.402848,4.5,4.93,5.362371123
1483,nine,Quantity,Number,Function word,0.855131,28.607094,0.544065,29.344059,165.76421,0.80911,4.3e-5,4582.023139,3.2271,4.04,4.015111744
1484,oil,Food and drink,Person/Thing,Noun,0.917769,70.95949,0.785537,100.200991,196.10237,1.65334,4.95e-4,1772.471077,7.33,4.93,4.16726034
1489,cloud,The physical world,Person/Thing,Noun,1,45.612712,0.298342,52.900335,136.76251,0.93019,3.93e-4,978.344705,3.63,4.54,5.222664614
1493,one,Quantity,Number,Function word,1,2067.528462,1.382185,3199.71788,9207.70076,0.53343,4.77e-4,72619.994067,3.2271,3.97,3.688233785
1498,two,Quantity,Number,Function word,1,972.5832,0.294661,834.786392,3705.60065,1.14628,3.69e-4,35755.562148,4.239515,4.18,4.501236733
1500,four,Quantity,Number,Function word,1,146.125261,0.368088,166.427696,587.83302,0.68497,1.18e-4,14639.572827,4.93222,3.37,3.561435536
1502,goat,Animals,Person/Thing,Noun,0.77377,19.544885,0.922024,20.329587,428.33279,1.48295,1.37e-4,369.623257,5.21,5,5.68661577
1506,measure,Spatial relations,Action/Process,Verb,0.917557,78.017335,0.784281,61.336029,113.67116,0.57436,2.71e-4,847.819638,7.53,3.59,4.18431646
1507,fruit,Food and drink,Person/Thing,Noun,0.838509,71.021707,0.549959,71.609344,1126.36202,2.39999,0.001073,1282.705429,3.63,4.81,7.039247917
1508,king,Social and political relations,Person/Thing,Noun,0.546382,84.331917,0.631224,98.016103,484.00675,2.21535,6.83e-4,2259.566894,5.42,4.1,4.246177145
1509,mosquito,Animals,Person/Thing,Noun,0.933634,14.477295,0.874449,6.149519,155.23693,1.5494,8.1e-5,119.845743,6.1,4.88,5.656929777
1510,chin,The body,Person/Thing,Noun,1,4.508873,0.924872,9.737945,94.14857,0.50652,4.9e-5,188.668051,4.22,4.89,5.292773066
1511,rooster,Animals,Person/Thing,Noun,0.741428,7.640821,0.841623,4.78939,169.07358,1.2021,5.4e-5,84.841293,6.41,4.75,5.413837284
1514,hen,Animals,Person/Thing,Noun,0.594039,5.188423,1.313927,3.530548,166.17631,1.43474,7.5e-5,123.702166,6.39,4.9,5.033577118
1515,ten,Quantity,Number,Function word,0.78973,85.622999,0.675541,83.445359,353.51463,0.76461,1.07e-4,9142.390982,3.578781,3.39,3.578713113
1518,stupid,Cognition,Property,Adjective,0.828221,160.96605,0.686538,125.623827,119.32118,0.68203,8.78e-4,2424.206467,4.4,1.84,4.75131026
1521,seem,Cognition,Action/Process,Verb,0.579112,664.382991,0.372886,622.114311,145.04523,0.71915,7.2e-5,3989.617324,6.67,3.13,4.731617548
1524,wine,Food and drink,Person/Thing,Noun,0.524564,99.749053,0.470438,137.445374,239.42888,1.37711,4.59e-4,2442.598635,7.9,4.79,6.4358559
1526,meal,Food and drink,Person/Thing,Noun,0.628367,36.242876,0.955059,83.488768,192.00832,1.54989,2.07e-4,1584.396322,4.74,4.62,7.451283505
1528,forgive,Emotions and values,Action/Process,Verb,0.785592,64.717659,1.943339,39.168821,109.90613,0.65823,5.2e-5,561.257787,5.44,1.92,3.853112235
1535,sword,Warfare and hunting,Person/Thing,Noun,0.466884,16.830603,0.821786,15.236338,137.52812,0.90763,2.92e-4,278.849006,5.45,4.93,6.179977268
1537,springtime,Time,Person/Thing,Noun,0.49529,109.621145,0.821809,161.710653,197.59594,1.14721,3e-4,3368.733314,5.5,3.89,4.978689378
1539,basket,Basic actions and technology,Person/Thing,Noun,1,13.364608,0.603858,25.654348,660.41203,1.80658,1.22e-4,468.407001,5.67,5,6.032310344
1544,sometimes,Time,Other,Function word,0.844046,267.865498,0.786928,268.900392,335.22412,0.91651,1.09e-4,5092.25749,6.370915,1.77,2.244049034
1545,host,Social and political relations,Person/Thing,Noun,0.503418,24.510879,0.955922,71.406771,95.37435,0.58419,4.6e-5,1066.449125,8.05,3.63,4.486260655
1546,twice,Quantity,Other,Function word,0.809564,26.090284,0.700774,61.553071,163.0599,0.80524,4.1e-5,1227.825571,5.89135,2.93,2.483273901
1547,soup,Food and drink,Person/Thing,Noun,0.900255,42.336091,0.600243,60.178472,172.43206,1.06269,3.81e-4,1063.185998,5.37,4.72,6.449559448
1554,man,Kinship,Person/Thing,Noun,1,881.488693,1.79619,685.403717,3594.70021,0.83834,0.001543,12825.867695,3.11,4.79,6.038932364
1558,similar,Sense perception,Property,Adjective,0.834819,116.799425,0.648811,79.914812,119.49152,0.57991,1.87e-4,1596.855532,7.33,2.46,4.394448363
1559,money,Possession,Person/Thing,Noun,1,341.677116,0.424528,342.694624,766.2463,1.01262,0.004067,6219.816078,5.11,4.54,5.334421579
1560,face,The body,Person/Thing,Noun,1,224.636135,0.863637,338.064397,417.30919,1.20892,8.15e-4,6067.042421,3.75,4.87,6.481296331
1561,army,Warfare and hunting,Person/Thing,Noun,0.622047,52.826401,0.622868,41.758853,168.7513,1.06928,6.06e-4,762.088401,7.15,4.7,4.984906432
1564,lazy,The body,Property,Adjective,1,66.404663,1.553757,42.684899,161.03185,1.7165,4.31e-4,826.757639,6.39,2.67,4.822849938
1567,door,The house,Person/Thing,Noun,1,194.133207,0.386001,223.495235,638.61768,0.96376,7.77e-4,4125.185405,3.05,4.96,5.952426098
1569,cheese,Food and drink,Person/Thing,Noun,0.449241,34.669399,0.572327,104.7444,109.73495,0.70076,6.82e-4,1889.053693,4.33,4.7,6.09975714
1571,sell,Possession,Action/Process,Verb,0.838503,145.054255,0.518034,211.803914,274.10959,1.06294,1.33e-4,1718.184515,7.05,3.35,4.095281817
1572,surprised,Emotions and values,Property,Adjective,0.91705,5.860797,0.994397,1.765274,164.80681,0.98862,1.13e-4,1940.373776,6.63,2.5,5.111968789
1585,sleep,The body,Action/Process,Verb,1,447.839964,0.492167,355.254112,667.15802,0.91802,9.35e-4,5223.672501,2.79,4.44,4.901510777
1594,flour,Food and drink,Person/Thing,Noun,1,42.58384,1.556657,39.154351,179.42746,1.12873,1.3e-4,646.989024,6.89,4.97,5.600357739
1596,lock,The house,Person/Thing,Noun,0.694736,16.163282,1.084005,52.133454,122.29578,1.01467,1.73e-4,522.990211,5.74,4.65,5.373711473
1600,skirt,Clothing and grooming,Person/Thing,Noun,1,16.999117,0.711986,25.538592,137.45279,1.1801,1.66e-4,458.024325,5.67,4.82,4.688376611
1601,weak,The body,Property,Adjective,0.924383,50.584826,0.638519,41.773323,122.93921,0.51583,4.27e-4,694.749333,5.58,2.79,5.545660336
1607,hate,Emotions and values,Action/Process,Verb,0.914384,267.200441,0.399134,387.448655,108.65576,0.72459,4.57e-4,6789.083358,5.53,2.36,4.985993884
1613,color,Sense perception,Person/Thing,Noun,0.664722,188.419983,0.229818,252.014535,170.92445,1.24895,0.001108,4522.990211,3.5,4.08,5.741450584
1624,empty,Quantity,Property,Adjective,0.84378,70.237891,0.572119,50.845672,172.92385,1.13597,5.02e-4,948.383269,4.79,3.43,4.478760162
1626,explain,Cognition,Action/Process,Verb,0.91705,148.179021,0.721036,124.799068,140.23999,0.75285,1.43e-4,1270.839513,6.5,1.97,5.274387941
1634,hundred,Quantity,Number,Function word,0.77675399999999994,67.626084,0.491324,58.789404,255.70804,1.2864,6.1e-5,4022.248591,5.47,3.2,2.885820207
1635,obey,Social and political relations,Action/Process,Verb,0.841402,9.106885,0.737365,9.59325,105.42828,0.52604,6.4e-5,129.635123,5.44,2.67,3.356678269
1639,beer,Food and drink,Person/Thing,Noun,0.749727,105.059818,0.724879,296.016155,155.0817,1.56023,6.85e-4,4703.055473,6.11,4.88,6.645826735
1640,sibling,Kinship,Person/Thing,Noun,0.306812,11.261751,0.52922,14.585213,215.95395,1.21669,1.08e-4,285.968555,7.58,4.37,4.659098161
1642,niece,Kinship,Person/Thing,Noun,0.432564,7.958729,1.029791,15.091644,110.49027,0.71216,2.4e-5,300.207654,7,4.28,4.851181841
1643,cousin,Kinship,Person/Thing,Noun,0.443202,26.472572,0.667334,54.260464,166.04443,1.28951,7.1e-5,1062.296055,4.95,3.7,4.285770314
1644,relatives,Kinship,Person/Thing,Noun,0.930532,29.166894,0.675283,23.614154,386.87301,1.50665,1.25e-4,464.847226,6.47,2.97,4.917827018
1645,short,Spatial relations,Property,Adjective,0.912698,148.913907,0.62544,213.873046,308.91717,0.95907,5.54e-4,4094.037378,4.32,3.61,4.675845528
1647,foal,Animals,Person/Thing,Noun,0.500195,4.421165,1.101102,14.469457,136.53976,1.55826,9e-6,271.432809,8.44,4.96,4.557218314
1651,tear,Emotions and values,Person/Thing,Noun,1,60.001013,0.55581,101.734753,164.63182,0.58168,3.34e-4,1537.822605,4.89,4.56,4.737695056
1653,blind,The body,Property,Adjective,0.933485,31.05747,0.663456,36.766891,130.48632,1.16556,1.54e-4,617.027588,7,4.03,4.050871311
1654,lightning,The physical world,Person/Thing,Noun,1,15.762959,0.526705,14.064312,181.20917,2.38575,1.22e-4,272.026105,4.76,4.59,5.070492228
1656,never,Time,Other,Function word,0.642297,632.030817,0.507694,938.633686,526.98095,1.39376,2.01e-4,17787.896767,5.070761,1.59,2.8533477
1663,bed,The house,Person/Thing,Noun,0.914467,149.78384,0.719791,228.44379,286.3559,0.95997,7.16e-4,4362.503708,2.89,5,6.740063507
1664,raft,Motion,Person/Thing,Noun,0.315211,2.636199,1.612487,1.996785,98.63014,0.6714,1.4e-5,39.454168,7.35,5,4.847083944
1666,mute,The body,Property,Adjective,0.814278,8.057365,1.032082,7.336015,112.38688,1.32412,3.5e-5,86.917829,9.84,3.24,3.817965175
1669,ancestors,Kinship,Person/Thing,Noun,0.925079,8.448525,0.663881,9.188105,230.65443,1.16184,5.3e-5,176.802136,8.61,3.36,3.503862207
1671,tower,Warfare and hunting,Person/Thing,Noun,0.252478,25.735342,0.799719,28.172033,110.54355,1.2251,1.26e-4,502.521507,6.33,4.76,4.389537542
1674,poor,Possession,Property,Adjective,0.847006,84.495715,0.988667,103.890702,502.53853,1.24502,6.97e-4,1998.220113,6.11,2.7,3.318005406
1675,promise,Speech and language,Action/Process,Verb,0.750843,114.862409,0.583152,121.138295,100.29775,0.56306,1.59e-4,1660.634826,5.67,2.09,4.731763042
1682,guilty,Law,Property,Adjective,0.507242,30.752761,1.172925,34.422839,105.1894,0.83792,1.39e-4,667.16108,8.05,2.36,4.332524012
1687,praise,Emotions and values,Person/Thing,Noun,0.592726,33.120565,0.914308,36.998402,104.86617,0.61074,1.15e-4,567.78404,7.95,2.61,4.888686098
1689,smoke,Agriculture and vegetation,Action/Process,Verb,0.914384,67.25119,0.553801,91.562725,281.95505000000003,0.94318,4.63e-4,944.230199,4,4.96,6.291229834
1690,fence,Agriculture and vegetation,Person/Thing,Noun,0.915238,14.449773,0.846888,22.051453,267.87898,1.56665,2.61e-4,384.455651,6.28,4.82,5.253337614
1702,holy,Religion and belief,Property,Adjective,0.457224,53.892919,0.689812,101.02575,193.91905,1.27207,2.54e-4,1900.029665,5.55,1.77,3.623620291
1703,six,Quantity,Number,Function word,0.855131,113.320007,2.196519,87.786197,289.048,1.34996,6.1e-5,7752.002373,5.25193,3.43,3.13162716
1704,seven,Quantity,Number,Function word,0.855131,56.118714,0.639425,49.442135,350.51662,1.08197,8.2e-5,6252.743993,5.3585,3.72,3.136364425
1705,eight,Quantity,Number,Function word,0.855131,37.600126,0.471322,36.318337,273.42087,0.97611,7.2e-5,5642.539306,5.3585,4.04,4.385617803
1706,eleven,Quantity,Number,Function word,0.84638,11.434742,0.775402,8.681674,125.13418,0.5355,3.2e-5,3528.62652,5.78478,3.93,3.981299354
1707,twelve,Quantity,Number,Function word,0.77675399999999994,14.168474,0.539114,15.800647,194.84928,0.9426,8.3e-5,4035.894393,4.484626,3.61,3.161994518
1709,fifteen,Quantity,Number,Function word,0.84638,9.700672,0.6614,10.823154,168.66857,1.02407,1.7e-5,3525.066746,6.10449,3.37,3.630916073
1712,oath,Law,Person/Thing,Noun,0.532981,23.220889,2.430578,3.790998,90.95498,0.45524,4.3e-5,71.195491,11.39,2.79,5.150344617
1726,wet,Sense perception,Property,Adjective,1,39.800385,0.681991,50.845672,184.43193,1.04754,9.87e-4,967.368733,2.47,4.46,6.234871368
1733,rainbow,The physical world,Person/Thing,Noun,1,9.1596,0.851419,20.25724,158.46152,2.12778,1.49e-4,392.465144,4.26,4.57,5.637019814
1747,custom,Social and political relations,Person/Thing,Noun,0.830366,15.788816,1.036339,29.271712,156.95506,0.98359,3.5e-5,550.578463,8.36,2.68,4.069629235
1750,choose,Emotions and values,Action/Process,Verb,0.920883,264.864604,0.562121,265.311967,150.4068,1.03012,2.37e-4,2459.804212,4.74,2.62,4.918558695
1754,bracelet,Clothing and grooming,Person/Thing,Noun,0.915982,9.372786,0.433596,13.630229,162.59227,2.19346,4.2e-5,252.150697,5.68,4.96,5.36331242
1756,widow,Kinship,Person/Thing,Noun,0.82129,5.710754,0.528516,8.247591,102.12451,0.64544,1.7e-5,142.094334,9,4.33,3.638811586
1766,finish,Time,Action/Process,Verb,1,201.645567,0.672201,302.310369,353.54418,0.80605,6.16e-4,4526.253337,6.32,2.89,4.690274681
1767,scrape,Basic actions and technology,Action/Process,Verb,0.922395,4.411995,0.853217,10.374601,127.22236,0.78774,3.5e-5,96.113913,6.21,4.15,5.596439992
1768,foam,The physical world,Person/Thing,Noun,1,8.301514,0.686105,12.458203,96.06846,0.62589,9.7e-5,231.681993,6.15,4.85,4.809464425
1774,stingy,Possession,Property,Adjective,0.899814,1.779906,0.584417,1.099679,91.37536,0.42084,2.8e-5,25.808365,7.78,2,4.297770912
1775,table,The house,Person/Thing,Noun,0.91664,85.264604,0.690653,138.255663,256.68872,1.01345,5.03e-4,2548.20528,4.39,4.9,5.523788681
1776,shame,Emotions and values,Person/Thing,Noun,0.924735,82.940999,1.305185,43.842455,112.22743,0.81407,2.08e-4,824.087808,6.55,2.24,4.19091066
1779,dare,Emotions and values,Action/Process,Verb,0.460085,38.062402,1.556906,30.530555,116.52782,0.78678,1.4e-5,546.722041,6.63,2.28,3.968019492
1782,guest,Social and political relations,Person/Thing,Noun,0.8593,109.614755,0.199257,83.271726,198.7618,2.13126,7e-5,1622.36725,6.21,3.83,4.151406577
1789,age,Time,Person/Thing,Noun,0.465963,122.477309,0.617465,184.73156,214.89062,0.90662,3.47e-4,3221.299318,4.38,2.86,5.623638431
1791,butterfly,Animals,Person/Thing,Noun,1,15.637772,0.66005,27.665602,154.59403,1.89389,1.56e-4,505.487986,3.67,4.93,4.822465967
1793,bat,Animals,Person/Thing,Noun,1,4.864103,1.479631,28.79422,266.68275,2.30158,1.39e-4,417.383566,4.85,5,4.848313765
1807,afternoon,Time,Person/Thing,Noun,0.90035,151.473309,0.75753,112.774949,264.43515,0.90822,6.1e-5,2263.423317,4.65,3.7,4.0442324
1810,danger,Emotions and values,Person/Thing,Noun,0.741662,48.559273,0.544184,28.099686,92.09943,0.44039,5.43e-4,553.84159,4.61,2.68,5.685353625
1817,west,Spatial relations,Person/Thing,Noun,0.777186,53.737404,0.56107,104.469481,269.66366,2.3016200000000002,1.03e-4,2005.63631,5.89,3.44,3.421280985
1820,bear,Animals,Person/Thing,Noun,0.452067,88.730323,0.60188,184.803907,479.07162,2.40833,4.52e-4,1493.325423,3.58,4.88,5.142326837
1833,dinner,Food and drink,Person/Thing,Noun,0.177223,91.998351,0.780418,197.001659,139.47614,1.02913,4.26e-4,3819.044794,3.99,4.5,6.928284564
1840,build,Basic actions and technology,Action/Process,Verb,1,127.061459,0.422688,156.284607,324.6005,1.21656,2.74e-4,1757.342035,4.45,3.71,5.433883907
1843,thousand,Quantity,Number,Function word,0.77675399999999994,141.521552,0.627451,65.474294,219.21536,1.78571,4.4e-5,1728.567191,6.6,3.08,3.362556127
1844,boat,Motion,Person/Thing,Noun,0.821333,28.464424,0.537407,44.754031,283.29498,1.88573,8.84e-4,804.509048,3.84,4.93,4.411237191
1845,ball,Spatial relations,Person/Thing,Noun,0.843515,107.867729,0.424794,140.295857,195.03878,1.67544,0.001035,2662.118066,2.9,5,5.474225174
1848,quarrel,Social and political relations,Person/Thing,Noun,0.924735,9.248687,0.798443,3.848876,111.67331,0.58036,4.6e-5,72.382082,8.32,3.32,5.477882275
1850,cotton,Clothing and grooming,Person/Thing,Noun,0.591646,9.384978,0.504696,17.406757,145.90022,0.99264,1.73e-4,312.963512,6,4.97,5.188990141
1851,pocket,Clothing and grooming,Person/Thing,Noun,1,29.839997,0.459588,39.950171,176.54442,0.98369,7.8e-5,767.428063,4.74,4.68,5.075625432
1857,crocodile,Animals,Person/Thing,Noun,0.730124,5.136405,0.575948,5.454985,151.54239,1.45024,9.6e-5,103.826758,4.78,4.96,5.306982033
1858,fisherman,Warfare and hunting,Person/Thing,Noun,0.546101,9.681522,0.548554,11.546627,110.37537,0.72913,1.2e-5,216.256304,5.16,4.73,4.618931881
1859,third,Quantity,Other,Function word,0.580212,110.610798,0.446249,98.508064,274.08956,0.82238,4.9e-5,3017.798873,4.580539,3.44,3.291298673
1862,donkey,Animals,Person/Thing,Noun,0.709929,8.909405,1.055152,6.93087,172.72173,1.60377,9.9e-5,126.668644,6,5,5.584472353
1867,coin,Possession,Person/Thing,Noun,0.914467,14.742031,0.794427,13.500004,114.4059,0.78295,2.28e-4,241.174726,4.17,4.89,5.599384193
1871,camel,Animals,Person/Thing,Noun,0.504445,3.960985,0.978697,4.152734,279.97652,3.4967,8.3e-5,98.487096,5.11,4.93,4.639654878
1886,armpit,The body,Person/Thing,Noun,1,4.944792,1.566771,1.953377,109.39975,1.08485,2.1e-5,39.454168,6,4.8,5.814848949
1887,cheap,Possession,Property,Adjective,0.914384,96.804975,0.320069,74.517704,89.825,0.42677,3.63e-4,1068.822308,7.11,2.22,3.83878828
1888,pair,Quantity,Person/Thing,Noun,1,103.571274,0.977373,76.065936,126.12586,0.86992,1.08e-4,1271.432809,5.94,3.88,4.105645921
1895,clothes,Clothing and grooming,Person/Thing,Noun,1,55.416747,0.765522,31.745989,495.3149,0.7081,0.001261,2196.974192,3.11,4.76,7.377180434
1897,help,Social and political relations,Action/Process,Verb,1,361.332311,0.531123,788.252618,680.46894,1.11798,9.81e-4,12332.542272,3.65,2.56,5.4820127340000004
1901,shovel,Agriculture and vegetation,Person/Thing,Noun,0.756262,4.759289,0.966162,6.366561,102.22753,0.52632,1.25e-4,80.391575,6.28,4.97,6.064823618
1905,eagle,Animals,Person/Thing,Noun,0.782377,8.828706,0.56421,21.733125,258.95345,3.30632,8.4e-5,420.94334,5.83,5,4.692151062
1906,sour,Sense perception,Property,Adjective,0.900124,23.226082,0.524375,34.842453,156.7304,1.37606,3.32e-4,628.596856,4.89,4.25,5.684968884
1917,tie,Basic actions and technology,Action/Process,Verb,1,25.044478,0.886865,74.228315,222.76561,0.84391,3.09e-4,889.350341,4.74,4.81,5.494638785
1920,dream,The body,Action/Process,Verb,1,235.229256,0.49046,268.278205,164.37757,1.50886,4e-4,4563.63097,4.88,2.6,5.437404422
1923,rough,Sense perception,Property,Adjective,0.826383,9.6029890000000009,1.275151,35.233128,113.43617,1.30057,3.2e-4,686.73984,6.21,3.83,5.109546564
1927,bamboo,Agriculture and vegetation,Person/Thing,Noun,0.566303,3.692152,1.203576,4.847268,469.24368,2.25516,2.3e-5,84.841293,9.28,4.86,5.199523806
1932,guess,Cognition,Action/Process,Verb,0.745477,35.825987,1.850878,285.496859,123.03163,0.9119,1.98e-4,5231.681993,5.44,2.28,4.530933706
1934,beggar,Possession,Person/Thing,Noun,0.752588,4.615248,0.92047,2.025724,98.65076,0.62038,2.3e-5,39.454168,7.63,4.59,5.188278394
1936,deer,Animals,Person/Thing,Noun,0.53629,7.194009,0.616545,11.445341,322.00069,2.51484,3.29e-4,203.797093,5.17,4.86,4.533987308
1939,swear,Law,Action/Process,Verb,0.470485,12.572131,1.223512,56.561108,122.50988,0.93488,1.04e-4,1038.860872,7.21,2.45,5.4517791
1940,guard,Warfare and hunting,Person/Thing,Noun,0.718898,27.86371,1.065068,34.770106,172.13294,1.69087,1.36e-4,671.017502,6.25,4.04,4.295679913
1941,soldier,Warfare and hunting,Person/Thing,Noun,0.899847,29.91866,0.38067,32.107725,151.85841,0.934,3.38e-4,598.338772,6.94,4.72,5.187642197
1942,near,Spatial relations,Property,Adverb,1,341.211338,0.520194,484.032281,757.13277,0.54313,7.17e-4,6638.682883,4.5,3.2,5.265111518
1948,saw,Basic actions and technology,Person/Thing,Noun,0.877743,138.243032,1.25183,331.422916,1599.89577,0.89046,1.28e-4,6520.32038,5.3585,4.46,5.496460669
1970,canoe,Motion,Person/Thing,Noun,0.409818,2.378336,2.314124,2.691319,496.71009,2.2843,4.9e-5,45.980421,6.63,4.86,5.34909445
1973,demon,Religion and belief,Person/Thing,Noun,0.694408,27.39587,1.36277,14.483927,167.70292,3.15211,5.8e-5,270.542866,7.16,3.32,3.060150218
1979,chisel,Basic actions and technology,Person/Thing,Noun,0.57812,1.991985,2.811652,1.461415,89.92111,0.39594,1.4e-5,16.908929,10.53,4.63,5.489197079
1998,command,Social and political relations,Action/Process,Verb,0.920028,107.153165,0.892761,280.447019,395.50991,0.96102,3.65e-4,4404.331059,6.26,2.79,4.25842965
2008,rescue,Possession,Action/Process,Verb,0.741385,109.076801,0.467578,233.855367,130.12166,0.62801,2.4e-4,3026.698309,5.44,3.17,5.427081605
2009,dog,Animals,Person/Thing,Noun,1,116.50145,0.466584,223.032213,2061.57824,2.24239,0.001951,3962.029071,2.8,4.85,6.856526698
2012,collar,Clothing and grooming,Person/Thing,Noun,0.789705,4.549127,0.918719,9.130227,91.08782,0.36751,7.1e-5,164.639573,6.56,4.64,4.753405874
2013,bait,Warfare and hunting,Person/Thing,Noun,0.576513,2.723251,0.998646,5.570741,114.43822,1.64506,2.7e-5,90.774251,7.11,4.45,4.242598057
2017,mix,Food and drink,Action/Process,Verb,1,54.790195,0.751651,171.810334,183.20479,0.95816,2.35e-4,2554.138238,5.11,3.82,5.602711387
2018,greedy,Emotions and values,Property,Adjective,0.444986,4.476734,1.06354,6.077172,108.1865,0.89687,8.8e-5,119.845743,7.53,2.64,4.250146542
2022,admit,Speech and language,Action/Process,Verb,0.714324,97.973768,0.381911,117.260481,96.68027,0.62668,8.2e-5,1683.773361,7.11,2.57,4.959069076
2023,crowd,Quantity,Person/Thing,Noun,0.762646,25.415646,1.004577,66.950178,103.60787,0.62322,2.38e-4,1297.83447,7.14,4.52,5.910068153
2132,sickle or scythe,Agriculture and vegetation,Person/Thing,Noun,0.656223,1.710684,0.563707,0.954984,110.31105,0.58073,2.8e-5,18.095521,11.35,4.88,4.92345784
2253,drip,Motion,Action/Process,Verb,1,13.940129,1.588127,10.345662,124.38455,1.5212,6.8e-5,98.487096,5.89,4.14,5.552746236
3206,elf or fairy,Religion and belief,Person/Thing,Noun,0.184386,26.318631,1.608821,29.416406,155.13206,1.51038,2.62e-4,617.027588,4.32,4.3,3.501224664
3456,crawl or creep,Motion,Action/Process,Verb,1,12.860769,1.575437,43.249207,139.50238,1.13551,1.21e-4,494.808662,3.89,4.27,5.390011359
