concepticon_id,concepticon_gloss,semantic_field,ontological_category,semantic_category,lex_wold,lex_ids,mand1415,kore1280,indo1316,stan1306,stan1293,stan1295,dani1285,norw1258,finn1318,lith1251,poli1260,russ1263,ukra1253,mace1250,mode1248,roma1327,ital1282,stan1290,stan1289,stan1288,port1283,dutc1256,swed1254
8,curse,Religion and belief,Action/Process,Verb,0.950288,0.827182,15.001696,5.78989,19.005412,5.735032,25.755634,29.035793,20.67249,12.280704,5.778837,2.831003,15.36407,29.940306,17.726656,19.976691,52.142998,24.121693,52.326837,24.880553,3.744056,85.191105,11.708622,13.369829,21.318327
65,ambush,Warfare and hunting,Person/Thing,Noun,0.814919,0.684982,2.652311,0.248138,2.833912,1.733847,2.271705,8.637362,0.765648,3.019289,0.18844,0.566201,0.734537,7.289011,4.818897,3.571252,1.295156,0.666853,6.169017,2.242382,1.497622,1.626875,1.43134,0.253057,0.77775
112,turtle,Animals,Person/Thing,Noun,0.893771,0.895728,12.545852,0.771985,4.887849,7.26882,13.022511,2.180305,4.368696,2.442571,1.319082,2.453536,7.671833,9.249663,6.539931,6.138089,6.501685,0.04599,7.406813,8.524351,8.577291,8.409186,7.6725,3.184297,1.894519
141,burn,The physical world,Action/Process,Verb,1,0.990397,69.254788,10.03581,67.896901,200.926181,94.688128,70.797021,103.002143,79.79065,47.549782,4.907071,23.586806,91.366374,16.120357,79.68356,32.663845,85.242247,42.364574,35.977048,27.637937,78.463756,66.705621,56.705787,74.963136
156,red,Sense perception,Property,Adjective,1,1,140.011149,49.903339,256.859059,199.192334,224.146361,197.170857,251.853076,143.63674,105.400971,36.991769,85.512374,156.275481,143.53428,183.138267,130.318641,20.833417,179.440524,166.282554,176.855569,132.953086,130.72909,192.555055,173.218888
163,black,Sense perception,Property,Adjective,1,1,184.300533,38.792264,175.195584,180.120018,302.368246,194.990552,210.530616,213.996352,193.088548,127.206389,161.373745,108.48171,135.158578,258.357762,173.8618,186.328008,241.190584,287.651506,183.526795,220.397633,258.518129,178.679113,175.931042
194,family,Kinship,Person/Thing,Noun,0.949236,0.868091,184.553134,55.224524,410.033324,555.831304,526.44226,176.499888,349.878509,237.132927,166.015951,278.193201,226.33948,278.712419,136.076463,173.09412,128.168681,239.009418,295.673583,321.58403,333.084796,373.422842,345.069091,146.182416,164.125196
212,field,Agriculture and vegetation,Person/Thing,Noun,1,0.942861,3.606582,2.812232,84.484388,132.839347,114.554692,32.935185,26.685076,22.797329,31.532352,25.856492,58.416112,105.06787,99.820003,103.789511,48.024401,44.357241,171.634422,76.686183,296.393052,171.514427,174.120625,43.230517999999996,7.976923
221,fire,The physical world,Person/Thing,Noun,1,1,73.605139,5.982887,148.416412,165.248947,170.377858,55.681637,65.620517,70.495311,4.962263,122.865518,37.298167,94.411151,104.581532,66.960975,138.996189,208.771071,165.145974,179.456551,168.822868,97.436639,146.435149,89.582069,32.346424
227,fish,Animals,Person/Thing,Noun,1,1,74.854111,7.91285,136.378784,235.736492,75.805486,51.551636,48.370923,95.497738,64.446601,48.693247,52.294969,110.880626,93.911118,53.010772,40.538397,4.369039,96.907466,55.202181,50.987229,43.40899,72.688881,24.651939,44.591001
256,food,Food and drink,Person/Thing,Noun,0.976504,0.983884,106.190675,61.48312,335.246636,330.031089,414.202681,29.643763,314.523597,277.740668,248.804079,68.698999,80.67667,313.427489,171.472407,133.25234,157.491023,87.633721,89.999764,86.809881,195.848142,201.270856,186.706105,29.628721,342.92793
391,bless,Religion and belief,Action/Process,Verb,0.872584,0.679946,86.55796,4.659483,23.906261,22.740069,131.455018,29.916301,13.016012,17.233695,18.278714,8.870475,9.875445,26.272734,29.773897,31.248455,18.365318,24.834536,72.650653,16.504595,11.980978,55.203836,105.184177,44.559066,7.239058
478,lip,The body,Person/Thing,Noun,1,0.999149,14.271959,7.058152,116.398402,66.286301,47.300655,21.824015,24.635843,5.597558,5.967278,68.698999,49.152782,45.048858,22.430817,51.336748,34.399355,70.50249,32.562027,38.351336,30.428961,58.017891,40.864124,22.711838,19.52352
489,kidney,The body,Person/Thing,Noun,1,0.909628,14.187759,0.468705,17.939445,2.267338,8.247591,5.115331,3.152667,3.663856,3.391926,0.943668,4.427627,11.37178,18.816644,10.044146,6.605298,10.117774,2.874882,8.194589,3.199466,7.167045,9.568059,5.989008,2.034115
578,kiss,Emotions and values,Action/Process,Verb,1,0.96764,32.683769,15.108856,133.713866,62.085056,85.398736,42.159553,63.931588,19.642341,1.067829,8.681742,41.827813,56.651304,33.847012,58.702455,30.125339,3.794165,255.684779,52.745453,35.806786,207.404615,529.699108,44.559066,11.167693
579,battle,Warfare and hunting,Person/Thing,Noun,1,0.837937,96.98477,48.938357,177.26252,172.784512,227.604561,283.481587,160.200535,108.524783,170.412892,129.659925,177.798813,220.907791,294.698479,304.560835,224.968673,182.671813,239.633357,247.074276,255.140367,225.047418,176.712512,245.59152,168.233311
585,boot,Clothing and grooming,Person/Thing,Noun,0.908584,0.591468,3.634648,0.716844,6.980784,4.601363,44.811909,13.815587,21.820961,7.429487,6.972293,37.557969,65.904311,25.649939,15.317207,12.164577,8.729354,11.91138,15.572275,24.336445,14.635853,19.115785,51.579834,14.909257,12.543712
586,garden,Agriculture and vegetation,Person/Thing,Noun,0.766764,0.839836,34.480043,9.346537,5.017845,31.47599,93.631857,95.388347,81.879273,36.265393,10.301406,42.087574,68.230345,34.922668,49.278955,23.101536,29.55547,69.720662,48.713271,62.341531,38.597809,30.668798,65.880343,208.687419,47.362982
604,glass,Basic actions and technology,Person/Thing,Noun,0.975191,0.812479,58.982345,22.497859,98.679949,41.745698,113.975914,98.113728,113.158236,87.186212,49.120119,70.208868,50.560645,53.698793,45.263208,16.740244,53.593573,92.830577,76.463864,96.884114,48.060058,14.806764,64.165314,133.824814,102.024848
606,grass,Agriculture and vegetation,Person/Thing,Noun,0.976504,0.995356,46.225992,3.198225,36.502872000000004,17.738588,33.366568,33.689906,18.893485,13.298442,8.417002,49.070714,24.280536,22.166899,15.145104,37.721349,6.320363,55.026894,31.9032,19.192156,13.410526,16.444631,14.958152,33.951773,14.099212
620,insect,Animals,Person/Thing,Noun,0.765371,0.6426,3.213647,2.205672,9.450708,9.069353,6.438908,5.95391,4.706482,4.20665,4.271315,5.473272,7.610622,8.673001,13.424069,8.704927,7.226973,8.623103,9.283472,9.810423,9.189955,8.420179,9.065156,6.663826,4.766212
622,island,The physical world,Person/Thing,Noun,0.934582,0.795272,37.188488,16.956107,129.034011,156.312967,72.376225,60.021283,53.707939,47.053415,23.429417,28.687494,26.422936,68.461347,25.471311,76.335512,120.035099,38.079623,75.545499,78.945054,97.005076,71.626483,55.590166,39.118347,4.387308
645,ocean,The physical world,Person/Thing,Noun,0.722529,0.694864,30.480527,33.443509,51.153419,34.610252,35.102903,5.807159,6.845792,21.745666,2.952232,5.473272,16.404664,37.113985,53.179967,22.989935,12.096761,24.121693,20.52346,23.017397,10.891798,16.257761,17.898202,8.920248,3.948577
667,road,Motion,Person/Thing,Noun,0.974618,0.977827,249.33127,27.874186,780.85986,736.151381,162.622229,127.401095,710.295933,259.828481,73.617364,127.583856,207.159897,304.385424,292.403767,31.918065,317.650068,399.514108,223.502077,294.015915,107.964947,39.209893,89.864966,802.358421,682.844572
670,root,Agriculture and vegetation,Person/Thing,Noun,1,1,68.482951,12.434478,37.698835,29.075279,61.408376,21.488584,14.637384,8.379375,16.896818,28.498761,19.567255,36.583456,41.763771,48.993113,33.337327,22.167123,28.429384,28.178174,43.226823,36.164998,34.210325,38.422441,16.611943
671,sand,The physical world,Person/Thing,Noun,1,0.995995,24.390035,7.967992,47.630528,78.823347,29.459815,22.536807,38.192312,20.15121,13.881773,41.33264,19.893716,33.723211,38.264334,26.226382,23.079688,41.390894,24.73596,31.442819,34.989901,0.78046,36.853792,26.950538,9.233289
673,school,Cognition,Person/Thing,Noun,1,0.863396,329.770672,198.262382,561.595638,570.969121,627.46801,210.105936,316.730464,477.081595,232.095701,242.900034,444.252186,344.52112,388.724332,209.587852,269.366636,187.040851,372.277198,198.1046,357.319047,223.607414,375.062765,341.162598,403.014104
686,easy,Cognition,Property,Adjective,0.973897,0.912364,269.834056,65.067337,390.247935,348.970032,303.554742,45.325188,468.869179,486.648331,406.528654,304.238426,119.627546,176.089598,253.049444,350.652306,92.629588,255.174862,149.394019,154.21326,194.690888,187.772188,235.526418,235.342724,402.415835
691,season,Time,Person/Thing,Noun,0.800673,0.701258,52.232284,129.059409,130.515965,92.760809,286.061168,50.377626,113.450983,129.829429,83.54189,38.12417,123.60629,94.618749,122.365555,182.133852,46.625632,59.165984,137.874528,162.127551,145.473576,130.567735,75.190503,97.658795,106.471983
706,dark,Sense perception,Property,Adjective,0.934744,0.87588,10.188242,31.513545,97.652981,101.163298,152.855346,86.394588,110.118164,125.826327,49.245746,47.560846,84.532991,89.013591,64.94037,62.050504,26.110354,12.049349,24.676067,54.311823,71.273203,80.970023,70.844902,91.817403,110.320848
709,teach,Cognition,Action/Process,Verb,1,0.976381,105.068004,26.633495,193.304024,459.936233,193.297478,19.392136,81.811715,33.21218,127.511305,38.690371,85.104297,180.979694,160.285683,49.104715,38.543856,45.713943,95.050772,54.443728,78.080577,138.658142,102.79861,9.65833,225.348082
713,steal,Law,Action/Process,Verb,1,0.985592,37.160421,4.163207,36.54187,68.020148,58.094871,16.184572,46.411766,37.588452,19.409356,13.96628,14.364283,26.434199,28.282334,68.746601,47.402726,90.370119,62.009598,28.837698,51.599893,78.155969,69.220138,27.266859,29.215481
718,pay,Possession,Action/Process,Verb,0.98504,0.94529,74.629577,12.213911,246.888367,238.403949,314.348957,158.722016,261.896573,219.492137,206.405,6.039472,82.880282,194.427459,126.037095,233.024193,90.427823,26.835096,209.407171,259.588749,291.900185,224.113064,299.446728,208.624155,251.332909
722,attack,Warfare and hunting,Person/Thing,Noun,0.861684,0.723683,69.577556,20.678179,104.49077,117.901589,98.3489,49.958336,63.526245,43.559181,19.974677,17.929684,50.030146,70.791063,84.560163,121.980576,114.647248,67.674112,98.245084,95.729946,77.331765,103.416505,95.474273,37.578919,45.348809
724,read,Speech and language,Action/Process,Verb,0.976504,0.956764,283.264011,123.627941,602.791365,642.857081,767.460008,675.202743,707.436014,906.159886,471.477762,57.374989,295.324767,830.808898,702.239456,347.973867,203.391367,84.575394,324.003145,591.906536,640.43772,434.144863,421.265401,552.148616,752.243804
742,end,Spatial relations,Person/Thing,Noun,1,0.928203,186.251175,36.035174,403.754518,586.306997,642.443898,616.690902,447.836384,425.176963,255.713559,95.876626,568.225744,736.074817,666.32720200000006,864.577789,579.94515,142.338686,757.451433,699.029764,584.685329,826.826391,1074.175838,332.34779,583.7313
744,egg,Food and drink,Person/Thing,Noun,1,0.993066,102.738461,5.845032,56.067267,108.76555,105.482343,40.545288,4.97671,65.508395,50.439201,166.46296,127.503418,90.582113,62.588289,62.273707,81.335824,22.144128,141.747633,84.732379,47.379321,90.247609,74.378121,96.456776,52.408386
761,cover,Spatial relations,Action/Process,Verb,1,0.967969,12.980887,8.684835,122.157224,58.884108,250.56759,42.893309,94.692613,87.966478,10.615473,32.839632,5.794682,47.40164,35.395943,55.689211,47.350919,78.458739,85.847158,146.661707,134.717926,112.891955,101.509114,13.960294,30.312308
763,skin,The body,Person/Thing,Noun,1,1,6.932495,29.473298,159.011084,124.636917,78.959828,69.979407,41.750322,57.603964,34.610211,87.761085,141.684067,102.346024,77.618657,47.988699,22.924269,124.287657,85.467833,90.816491,91.967619,93.45739,116.235156,35.238144,11.985327
777,flute,Speech and language,Person/Thing,Noun,0.803498,0.904616,2.385677,0.385993,6.16181,1.600474,3.790998,4.821829,7.025944,1.933702,0.690948,1.698602,1.305844,4.267301,2.581552,0.781211,1.087931,1.632641,4.591825,5.770837,9.394176,5.188413,5.364303,23.175775,1.276308
782,defeat,Warfare and hunting,Person/Thing,Noun,0.842512,0.775305,8.139367,4.411345,311.782361,120.102241,28.200972,45.031685,29.702629,9.634585,13.756146,0.188734,72.596761,76.972883,83.011232,86.937666,48.775591,26.720122,43.103259,58.235992,60.6537,89.730966,84.307239,25.832871,10.330116
837,blue,Sense perception,Property,Adjective,1,0.9976,58.856045,42.404053,104.230778,83.024592,176.078824,121.216576,152.273829,133.221889,67.90134,13.40008,61.45628,71.483058,46.295829,55.912414,60.742837,47.553538,128.071981,156.026952,68.005663,96.161521,122.321577,146.983762,97.158925
850,square,Spatial relations,Person/Thing,Noun,0.832601,0.693999,67.963716,6.865155,21.839325,16.871664,65.112557,7.337565,9.818307,4.986916,1.444709,13.777547,8.467582,110.903692,52.376818,171.196893,101.25533,12.095339,181.417005,46.76027,248.877583,114.529822,21.856955,21.910492,6.919981
858,storm,The physical world,Person/Thing,Noun,0.953399,0.884158,14.117592,20.678179,35.800893,29.942202,58.760466,39.371278,34.656821,36.333242,23.240977,31.329764,56.151289,21.682502,10.727782,21.650715,24.141716,42.218712,28.40942,29.69508,24.983062,41.859062,25.519123,27.667532,51.610693
861,judge,Law,Person/Thing,Noun,0.754225,0.646541,27.800149,3.97021,52.258384,74.288671,100.446972,30.608129,34.566745,29.989343,30.087643,8.304275,18.62868,53.560394,89.149589,118.855731,36.575218,35.803123,76.803259,103.941023,66.30382,91.039062,113.733534,57.591486,30.232539
862,sugar,Food and drink,Person/Thing,Noun,1,0.913342,26.045975,9.594675,56.782245,68.687012,96.033787,41.027471,63.818993,59.707289,84.672532,394.64178,103.8554,58.081426,58.744645,42.743422,34.969224,32.284897,202.759008,97.395245,58.543414,31.196433,55.88675,44.052953,34.859155
892,time,Time,Person/Thing,Noun,0.976504,0.717737,1029.587849,330.354591,2251.465396,2553.222931,2764.592364,1222.354492,2260.529982,1235.669487,2556.256198,1363.033446,1841.362366,1726.780635,1720.575587,1914.749081,1558.539452,1129.46552,1651.439777,2202.547221,1261.40635,1648.750171,3071.359914,1298.834564,1454.193107
906,tree,Agriculture and vegetation,Person/Thing,Noun,1,0.975256,50.239542,33.19537,113.707485,134.239762,135.853733,80.797074,44.835432,59.435892,30.338897,61.527126,56.355327,106.77479,184.208063,151.666608,62.374734,94.854132,90.379089,64.798259,98.843066,79.837806,73.114415,121.720269,39.924501
908,drum,Speech and language,Person/Thing,Noun,0.863095,0.858272,11.99855,6.313737,17.029474,5.601659,29.922837,42.494984,10.133573,11.093343,4.271315,3.397203,2.672899,12.502039,18.587173,19.530284,5.802301,10.830617,40.807347,37.724788,6.398931,36.81355,45.325779,14.403143,6.082404
911,temple,Religion and belief,Person/Thing,Noun,0.649034,0.815817,84.495051,61.041985,74.253704,53.482508,193.109375,93.690224,100.592605,105.742966,215.32451,110.220373,193.224094,189.168298,473.456599,426.541411,136.923939,325.769331,145.940168,92.778575,150.238738,163.599899,177.537789,127.097724,94.426829
923,love,Emotions and values,Action/Process,Verb,1,0.981971,730.957273,103.721747,1230.424961,1534.18776,2603.952451,765.916012,638.482677,463.545681,165.953137,542.986323,778.711463,1605.427822,1070.770317,702.755433,341.895397,765.156667,659.685496,1306.534049,224.643333,985.303831,2067.551865,245.718049,646.908532
926,rice,Agriculture and vegetation,Person/Thing,Noun,0.937725,0.846112,18.032908,2.315956,220.785174,422.591838,47.966251,21.069294,26.167138,22.186686,22.487215,51.901717,25.096688,30.978298,7.285713,9.932545,14.169011,28.237788,75.246032,36.751989,32.60732,26.579625,46.434746,23.007071,20.680173
933,wall,The house,Person/Thing,Noun,0.940093,0.919659,222.990594,0.578989,91.725164,96.295189,134.33444,96.122103,54.946487,40.777364,36.117734,118.335914,88.715772,151.200853,150.819993,119.190536,80.765956,96.164844,105.092893,98.071258,128.387068,95.238159,97.073248,90.256887,46.286097
937,bird,Animals,Person/Thing,Noun,1,0.974006,95.848065,5.762319,83.44442,71.087723,90.535394,61.174329,38.507579,28.394887,72.863603,23.591689,47.255227,90.674379,74.40606,48.993113,52.298417,33.36566,22.499941,51.393428,46.902805,64.008749,50.780347,78.679543,32.127058
946,blood,The body,Person/Thing,Noun,1,1,77.492389,5.403898,235.513719,252.408097,95.353723,56.625038,36.931245,36.061846,44.346296,29.819895,121.504697,111.780219,162.293556,93.745365,102.343262,100.326928,101.499291,93.949231,77.059471,120.476711,107.917908,44.137305,47.323097
948,water,The physical world,Person/Thing,Noun,1,0.999149,163.685481,53.018851,641.595165,851.652259,291.921298,201.594361,184.183325,168.028524,236.743896,14.909948,218.259571,397.804716,320.456629,305.788453,233.05045,513.95993,394.717245,287.88234,349.830935,296.146265,306.190791,238.737902,143.365253
953,rape,Law,Person/Thing,Noun,0.911225,0.647105,29.58239,1.985105,11.452646,30.008889,24.771711,10.587058,16.078603,28.360962,13.818959,1.698602,12.670767,11.510179,2.065241,12.945789,6.29446,8.761073,12.917003,22.605194,5.10553,3.077872,5.441673,7.992374,41.200809
960,wind,The physical world,Person/Thing,Noun,1,1,62.897662,46.760256,152.576283,139.241243,73.389087,68.197427,53.752977,38.809738,81.469046,236.860561,57.803998,130.740875,125.979728,100.218259,30.280758,37.32079,135.498758,104.204833,119.60555600000001,104.53773,105.545236,97.869676,50.932655
962,woman,Kinship,Person/Thing,Noun,1,1,693.151316,126.743453,689.381688,527.22283,480.111058,772.226318,454.794771,243.341128,685.985697,313.108902,321.462049,552.627008,436.11015,641.597742,368.782844,405.768732,552.596158,526.03655,520.559868,528.283782,588.990127,464.359031,411.190451
970,coconut,Agriculture and vegetation,Person/Thing,Noun,0.687253,0.56375,2.062909,1.075265,40.012763,34.743624,22.254025,1.299797,3.850758,5.122614,0.376881,11.512744,3.223802,6.089554,3.728908,1.897228,3.730051,19.660675,19.086019,23.330671,8.713438,14.05928,14.867887,4.175435,3.111
974,tobacco,Agriculture and vegetation,Person/Thing,Noun,0.986424,0.911763,2.217276,38.323559,14.819542,3.200948,7.770098,4.004214,4.97671,4.715519,22.92691,3.20847,8.018698,10.05699,11.129357,24.217553,6.683007,10.853612,6.009301,12.349592,14.295485,23.798547,9.348845,2.593831,4.048289
978,wave,The physical world,Person/Thing,Noun,0.959583,0.799177,69.423189,5.762319,75.189676,53.482508,58.63024,41.027471,36.706055,13.841235,35.929294,67.755332,48.418245,70.883329,78.364439,51.225146,45.978054,67.628122,96.228674,72.531181,54.254769,149.727489,70.096995,36.735397,22.953597
979,farmer,Agriculture and vegetation,Person/Thing,Noun,0.730431,0.712611,44.724419,1.406116,45.901581,29.008592,37.866569,3.962285,11.822502,14.994671,7.851681,3.397203,13.854188,8.35007,51.860507,26.226382,28.622957,8.945032,6.787915,17.724715,10.687577,8.83789,13.475232,69.000125,17.70877
984,work,Basic actions and technology,Person/Thing,Noun,1,0.969083,697.3473,85.635233,376.819351,1100.592662,1832.773792,935.246051,912.066638,509.411735,668.649185,923.850556,231.195587,2669.069888,1853.611557,2388.832784,890.368245,243.148508,1198.446286,708.955604,949.424413,1281.351165,1507.846189,1734.113164,752.981669
1002,statue,Basic actions and technology,Person/Thing,Noun,0.568812,0.600666,6.315026,6.258596,23.321279,20.67279,10.577173,3.417209,4.03091,3.121063,11.871742,3.019736,6.26397,8.580735,6.712035,16.070634,18.468931,23.59281,15.372631,11.788996,11.708683,11.256218,9.864643,7.233204,2.791923
1005,twins,Kinship,Person/Thing,Noun,1,0.885017,5.66949,7.361432,37.464842,25.274153,38.836023,8.951829,14.051888,12.416402,4.459755,4.907071,8.732831,12.871102,4.245219,13.838602,23.001978,12.555238,25.554503,17.559833,12.321346,20.522812,19.613232,12.062369,7.697731
1008,bull,Animals,Person/Thing,Noun,0.845526,0.867157,3.592548,0.964982,3.613888,1.533788,49.03699,19.224421,4.346177,8.820395,1.884404,5.473272,4.794896,12.340573,6.712035,3.682854,10.205833,9.289956,18.786552,10.519412,39.550841,41.507305,19.690602,7.718229,7.837327
1011,bridge,Motion,Person/Thing,Noun,1,0.905173,39.209296,33.360796,44.276631,24.673975,45.737954,31.404779,36.210635,11.602212,22.675656,43.408708,18.159392,47.655372,11.129357,56.358821,17.873159,40.770031,55.261612,45.622591,87.6109,95.282129,49.74875,35.680994,29.973289
1035,good,Emotions and values,Property,Adjective,1,0.994336,110.765561,362.860689,882.451719,2410.047189,3039.512051,4196.940499,5562.791302,5595.353253,2396.898473,2657.934093,1827.30414,1710.541825,1237.022252,1713.642953,1863.52289,744.27726,1111.161688,3649.790771,3092.794102,3988.900358,6166.291812,4272.229618,4791.897329
1038,teacher,Cognition,Person/Thing,Noun,1,0.926056,427.709712,15.108856,338.366539,324.496116,148.615795,67.023416,142.883384,179.155792,90.891063,90.780821,82.635436,143.819576,222.013454,80.799577,71.440829,34.469417,48.972809,42.869077,164.534223,88.609742,142.502187,66.659351,101.08756
1045,poet,Speech and language,Person/Thing,Noun,0.633143,0.459393,15.534965,8.381555,22.684299,3.734439,21.342449,13.207617,9.232811,8.684697,16.645564,21.326887,13.792977,37.160118,81.003359,49.327918,48.153916,31.939973,60.033117,23.396623,88.291637,44.903957,47.595292,47.490306,9.273173
1062,law,Law,Person/Thing,Noun,0.849292,0.735753,109.039453,11.717635,314.070291,52.282153,172.533807,489.604274,371.789546,329.238205,135.300173,14.532481,112.710654,247.711054,590.085372,373.753842,211.214112,260.486693,430.653265,510.092551,240.504514,502.110876,423.006221,61.429512,62.020578
1068,court,Law,Person/Thing,Noun,0.730602,0.530253,50.464077,5.78989,62.190077,165.715752,102.805493,45.346152,60.193426,39.454305,115.137055,10.569077,46.35746,84.700158,161.375671,95.530991,20.774309,104.190078,51.767833,71.888144,58.407267,99.789013,83.546436,40.552335,34.500193
1072,prisoner,Warfare and hunting,Person/Thing,Noun,0.887799,0.723911,12.896687,2.784661,20.331371,4.868109,12.443733,8.993758,24.027828,17.980036,29.710762,3.019736,8.039102,12.894169,15.661414,12.499382,15.101524,11.037572,14.773697,33.009189,18.924499,35.384538,6.769853,8.076726,15.973789
1079,feel,Sense perception,Action/Process,Verb,1,0.914345,833.316832,110.145768,602.167384,896.33216,1277.566251,467.822188,369.582679,574.546959,132.913262,319.525841,450.006061,436.187358,357.860447,260.589795,290.529492,170.737438,185.729328,179.720361,292.444775,574.407895,566.643164,675.155257,96.34129
1095,let go or set free,Possession,Action/Process,Verb,1,0.871509,32.290834,57.733476,38.218818,267.079109,183.675289,16.331324,32.832778,25.17205,44.283483,10.946544,55.477963,62.325661,80.888623,12.499382,41.522715,47.507548,22.879266,4.468277,7.488111,14.235159,101.741223,30.177011,177.865446
1110,shark,Animals,Person/Thing,Noun,0.505043,0.401297,3.073313,1.350974,8.878726,2.334025,19.46142,9.32919,8.804949,1.69623,4.648195,1.132401,3.733897,12.017642,5.449943,8.035317,5.491463,5.196857,5.889514,8.458399,5.241678,7.540787,7.504866,7.148852,8.834442
1134,divorce,Kinship,Person/Thing,Noun,0.767827,0.843281,29.66659,8.326413,22.606301,55.082982,23.889074,13.018937,35.715216,22.22061,6.030091,21.138154,5.447818,24.911811,7.228345,10.936959,7.693229,2.805383,9.602903,16.883821,8.168848,17.653795,12.147051,3.416265,6.501192
1154,olive,Food and drink,Person/Thing,Noun,0.515265,0.439896,1.220905,3.115512,5.316836,8.469175,34.625411,4.989544,5.562206,6.242126,4.648195,72.851137,19.465236,22.928093,7.687288,11.941374,17.199678,11.72742,42.723934,34.954786,30.360887,24.403129,7.143807,9.278745,0.279192
1155,cave,The physical world,Person/Thing,Noun,1,0.920841,5.234455,3.0328,949.009661,554.897694,18.159169,10.251627,19.343866,6.445673,2.324098,2.453536,10.059079,12.086842,16.005621,18.860675,17.743643,19.40773,12.258176,13.701617,28.250601,19.115785,8.768572,7.27538,4.287596
1156,open,Spatial relations,Action/Process,Verb,1,0.9839,446.40219,65.260334,714.067925,562.900064,488.112668,320.819312,230.077153,380.87144,106.971307,16.608549,125.177383,452.14937,448.788438,422.970159,162.205392,274.720562,255.684779,397.495272,469.164197,359.979136,426.939183,526.442273,304.73841
1171,mirror,Clothing and grooming,Person/Thing,Noun,1,0.939118,32.038233,10.890508,25.674206,67.953461,41.889079,78.889307,13.466393,10.4827,12.688317,10.75781,13.242074,47.701505,40.673783,59.148861,37.196893,53.049329,51.408472,26.03472,34.104942,46.343961,50.096914,41.564562,15.37552
1199,wife,Kinship,Person/Thing,Noun,1,1,54.814428,21.477735,256.313076,390.982476,142.726726,9.475941,78.816681,67.713494,75.564581,72.096203,71.372532,216.086894,118.636647,44.305845,31.990364,50.082982,90.918129,25.292755,12.525568,46.607779,43.520485,6.157713,93.389829
1203,long,Spatial relations,Property,Adjective,1,1,394.422507,4.356203,43.01567,355.371928,808.596675,1007.887945,1212.110485,809.237315,263.313986,535.625716,514.971797,362.259252,126.381302,382.570371,15.723199,305.372819,353.011498,344.106783,332.812501,274.183449,490.15027,869.79803,1181.462101
1207,young,Time,Property,Adjective,0.976504,0.950332,121.501105,9.677388,329.773805,351.23737,277.611005,276.772956,376.428471,248.938686,191.895092,1.887335,154.252814,193.712397,289.133801,350.429103,16.396681,140.568075,263.89017,402.359263,306.19567,218.946636,206.835135,291.078461,235.000159
1208,cat,Animals,Person/Thing,Noun,1,1,119.592564,33.360796,128.397031,153.845569,127.910001,154.256583,84.446444,58.587777,76.192716,53.222851,93.265822,219.546868,62.875128,39.17217,15.723199,936.905883,133.382526,140.297298,237.236974,71.8903,103.159668,78.447575,78.074136
1216,mother,Kinship,Person/Thing,Noun,1,0.92276,86.024691,45.409282,545.567134,630.453407,315.984006,206.290402,410.567353,165.552029,197.548303,46.805912,148.743785,125.366382,364.285642,368.285363,80.55873,382.359882,243.945679,225.029678,270.456958,370.531841,543.548293,315.878017,71.074386
1217,father,Kinship,Person/Thing,Noun,1,0.986984,99.763381999999993,56.713353,235.539718,653.126789,150.713866,143.019626,261.851535,111.476223,111.179808,219.685812,85.900046,120.130289,152.483659,288.266998,169.743203,18.028034,190.780335,214.147527,171.069302,223.640391,382.838425,188.400708,99.910964
1220,tail,The body,Person/Thing,Noun,1,1,27.112513,4.190778,57.159233,49.34795,21.950167,12.809292,15.943489,4.274499,3.64318,8.681742,8.651216,40.36636,27.938127,13.168992,43.284128,23.201896,50.390285,35.152643,65.623083,66.042343,26.666774,12.673923,0.77775
1223,heart,The body,Person/Thing,Noun,1,1,218.892844,17.783234,1317.886258,1829.075105,357.352184,216.038882,147.882613,128.201049,76.255529,284.04394,252.701204,258.39084,323.554492,352.32633,169.30285,299.210174,336.920147,304.452887,159.496766,312.294102,446.758734,213.200264,141.311195
1229,old,Time,Property,Adjective,1,0.989419,405.733421,37.992708,1179.921523,291.352965,638.826534,601.449731,701.851289,655.355347,458.475378,76.24834,218.157552,199.709685,236.125938,360.361647,197.459551,229.213573,291.520976,252.053684,94.145979,317.075796,328.254065,612.924398,605.827378
1232,warm,Sense perception,Property,Adjective,0.974279,0.923513,57.522873,3.832356,98.367959,61.284819,125.392316,188.051312,326.188466,234.079713,125.187208,160.612221,23.750036,267.502104,107.622026,120.529755,64.421081,149.513107,272.894139,231.608432,23.621587,51.763215,133.179132,244.769086,159.997138
1252,house,The house,Person/Thing,Noun,1,1,160.106966,10.587228,19.226406,1384.543435,502.71235,247.087264,266.580536,401.294047,138.063965,134.000796,873.079091,330.865757,213.695121,243.179941,26.032644,516.420389,0.8984,311.460332,777.402079,890.032695,1414.499584,707.69413,267.06739
1262,brother,Kinship,Person/Thing,Noun,0.830116,0.834258,176.610235,103.611463,464.943626,225.733529,171.000045,84.109461,67.467079,72.870032,34.610211,108.144304,131.624987,115.932187,250.869467,233.917006,97.266249,151.950571,169.078972,126.793539,94.554421,208.635764,209.955715,121.635917,85.512617
1265,high,Spatial relations,Property,Adjective,1,0.992985,395.05401,11.552209,451.411045,471.339611,427.442234,402.182427,426.713514,354.410255,98.11461,6.41694,149.151862,285.816899,432.209138,306.681266,60.121162,21.224331,256.403499,288.245078,241.253325,326.946972,337.590015,356.177295,445.750471
1267,narrow,Spatial relations,Property,Adjective,0.974618,0.989205,19.913383,24.317539,40.350753,44.679901,19.432481,17.148938,20.830123,16.080259,13.316452,13.40008,8.40637,26.088202,12.10461,27.342398,13.314208,8.025234,0.279502,12.547449,24.574619,13.245843,6.860118,16.954798,31.309424
1274,salt,Food and drink,Person/Thing,Noun,1,0.994987,46.225992,11.469497,31.940013,33.743328,67.659182,44.780112,74.042642,50.85297,88.629779,255.733913,32.992963,69.153342,52.893128,33.926894,26.680223,135.210254,7.806102,54.015037,53.846326,56.380023,55.100158,47.912067,39.585482
1276,autumn,Time,Person/Thing,Noun,0.761802,0.630691,28.768453,42.211056,0.987969,3.867812,13.644698,81.342151,54.608701,138.005257,140.89057,130.037392,51.601239,133.001391,77.217083,33.815292,22.84656,20.350523,43.302904,40.709135,40.299652,27.349093,26.060711,47.237249,127.750426
1292,bad,Emotions and values,Property,Adjective,1,1,98.191642,129.969249,190.691105,190.122981,671.295996,493.71331,490.374873,755.46683,49.68544,192.696919,366.717703,500.750468,181.167568,124.101007,287.472923,62.54624,901.315298,454.379239,145.813945,1344.139757,685.753896,369.504948,618.391032
1303,finger,The body,Person/Thing,Noun,1,0.996179,34.016941,24.758673,75.787657,116.101056,87.135071,83.836923,131.488744,116.157817,36.368988,25.290291,56.600173,107.512918,105.786256,115.619284,44.423866,89.81824,102.697158,112.168589,424.78012,82.893693,88.382046,61.134279,65.909328
1306,queen,Social and political relations,Person/Thing,Noun,0.733659,0.608839,20.93782,8.381555,47.747524,44.746587,56.590047,23.459244,29.229729,20.660079,14.572721,21.515621,35.563843,36.09906,13.94038,9.262935,22.613431,24.305653,39.649408,35.465917,36.827892,57.490255,42.398624,32.581049,20.779885
1307,language,Speech and language,Person/Thing,Noun,0.976504,0.972231,143.182695,20.430041,397.267718,459.202683,88.654364,91.363168,87.801783,56.620151,83.290636,532.983447,127.238168,263.234803,783.529654,368.508566,135.499267,238.342565,156.002254,146.612243,435.399623,164.929979,118.22098,83.086947,90.298771
1318,chicken,Animals,Person/Thing,Noun,0.936289,0.959845,58.449076,36.476308,194.564985,283.483968,113.180094,21.907873,37.29155,20.626154,13.190825,85.307549,34.360018,52.430136,20.308207,6.026488,18.986993,189.915219,51.109006,40.874016,18.58413,50.828861,54.751994,40.06731,23.811116
1325,friend,Social and political relations,Person/Thing,Noun,1,0.973546,676.36738,188.943416,729.966433,438.263147,885.921454,387.465367,549.690056,367.4373,246.417168,650.564426,296.610207,780.823811,456.8773,327.997176,461.075692,387.947652,750.344087,470.620024,478.898741,845.13973,1303.319251,272.457706,409.435528
1327,uncle,Kinship,Person/Thing,Noun,0.62409,0.762886,47.039929,60.435425,26.831171,103.964128,33.294221,21.928837,21.663328,28.428812,14.572721,18.495884,16.996375,36.168259,51.975243,48.1003,13.702755,10.692648,53.185309,19.538406,17.767245,132.711253,57.176246,21.320026,24.3695
1335,white,Sense perception,Property,Adjective,1,0.997837,165.21512,42.045631,251.490225,188.722566,312.916481,744.888647,194.722241,229.771289,101.066842,3.20847,111.935309,293.152043,125.979728,166.732828,96.333736,176.279219,285.731284,288.98704300000003,189.040768,210.251647,208.937014,260.458601,205.964158
1336,eat,Food and drink,Action/Process,Verb,1,1,946.089168,23.848833,1143.756641,1587.937014,402.902035,531.365502,341.388826,437.152345,280.587685,42.653774,88.124062,79.210332,207.15519,179.343811,88.381475,32.008958,247.798819,243.430405,64.397755,350.085975,437.538839,737.154146,616.177436
1350,monkey,Animals,Person/Thing,Noun,0.895966,0.864103,16.0121,4.88005,39.869767,19.539121,24.655955,21.677264,10.854183,7.225939,17.776207,4.529604,6.712854,20.898241,7.62992,20.534699,11.83773,5.541781,12.298104,9.05197,6.126636,40.11127,23.339875,20.961529,13.800077
1352,knife,Food and drink,Person/Thing,Noun,1,0.962593,69.058321,0.468705,20.799357,16.93835,23.46946,18.511629,24.410652,15.537465,9.610458,3.77467,14.384687,30.170971,18.070863,30.91365,28.985601,1.379696,24.256813,26.216089,10.074913,17.587841,18.323736,20.054743,14.518
1366,boy,Kinship,Person/Thing,Noun,0.976504,0.987723,133.443522,12.462049,135.260818,38.878182,342.998482,105.241648,180.332567,212.028725,87.750391,67.944065,73.086453,212.23479,32.929127,16.517041,100.296915,51.945572,115.314694,94.938517,135.262516,275.271697,303.134686,217.776372,65.251232
1369,gold,Basic actions and technology,Person/Thing,Noun,0.953018,0.844131,84.481018,5.376327,97.704979,123.83668,76.948573,46.415341,45.758713,78.399742,41.017183,51.901717,82.370187,87.8372,67.694025,92.071341,68.021616,108.720082,96.348461,4.88048,0.748811,86.400269,68.846184,31.568822,46.365866
1370,month,Time,Person/Thing,Noun,1,0.985062,483.801179,5.514181,610.136138,817.775558,450.984041,283.942806,287.996154,184.040934,205.148731,27.555093,306.628478,461.468233,437.544345,352.661135,499.80087,609.090001,449.320031,515.319281,721.990057,403.366141,376.726214,381.082291,261.024871
1375,window,The house,Person/Thing,Noun,0.975107,0.862116,41.833541,39.784817,95.703041,35.143743,116.725111,193.523039,122.233413,61.030348,84.735345,118.713381,130.849643,237.261934,262.457766,57.251634,66.907782,86.13905,109.984184,109.662396,72.770825,115.387229,109.078454,111.872146,110.46044500000001
1378,spoon,Food and drink,Person/Thing,Noun,1,0.961931,10.496977,4.769767,22.424307,25.540899,21.501613,10.92249,2.589691,1.628381,2.952232,66.811664,72.719184,80.917253,50.368944,18.52587,9.532351,116.768311,130.028497,37.955621,10.891798,7.892544,41.534662,13.454181,1.515615
1386,lion,Animals,Person/Thing,Noun,0.870584,0.775695,16.896204,5.514181,22.983289,22.806755,28.77975,38.553664,14.704941,10.313077,24.371619,10.946544,13.772573,13.2171,18.300334,59.930073,10.17993,35.067285,40.86724,27.732995,20.285974,48.003814,37.627489,23.766241,14.697481
1387,arrive,Motion,Action/Process,Verb,1,0.985986,65.549973,10.173664,160.857027,221.932403,109.200993,184.361565,53.032367,317.873465,104.772836,37.369236,41.603371,50.538683,74.40606,37.386544,68.410163,0.965788,459.581761,604.074759,611.778676,407.103558,676.043992,98.902991,28.657097
1398,dry,Sense perception,Property,Adjective,1,1,184.118099,2.564094,76.086648,86.425599,82.244395,68.595752,184.746301,57.536115,31.343912,36.425568,10.283521,44.333797,28.454438,38.725764,7.304682,33.825558,72.19147,77.906303,2.450655,50.685959,59.793923,100.547859,41.001385
1401,drink,Food and drink,Action/Process,Verb,1,0.999178,320.691067,23.324986,339.445506,328.363928,290.213902,209.959185,217.218774,212.842916,96.544274,71.341269,88.001639,219.7314,112.727762,58.925658,73.228145,95.176061,71.093425,113.108411,18.58413,110.748436,203.353496,209.994879,264.095986
1405,name,Speech and language,Person/Thing,Noun,1,0.983145,231.803564,85.580091,981.846646,907.068674,500.122318,285.578035,209.742449,251.279483,282.283648,15.098681,248.559231,480.059825,385.167528,713.134384,298.714881,415.978486,349.358003,383.645262,444.385356,363.452735,507.803468,310.142065,187.517523
1408,hear,Sense perception,Action/Process,Verb,1,1,8.532302,2.012676,246.953365,99.762883,667.968021,427.423651,586.283515,642.362227,287.434351,119.468315,72.045858,329.98923,461.294622,313.600566,226.522861,296.358802,238.495383,354.032623,33.288057,168.282661,435.630385,505.41748,378.465123
1410,know,Cognition,Action/Process,Verb,1,0.98424,7.9429,40.225951,938.245994,1392.412433,2597.296501,616.460293,717.299359,1384.021746,841.511802,245.542303,426.256024,1463.545832,1476.877098,1422.362711,471.359234,591.153947,200.163629,460.875553,785.911296,1325.463669,1866.80315,1783.290515,1943.477636
1423,fight,Warfare and hunting,Action/Process,Verb,1,0.966737,503.433894,45.547136,134.55884,22.873442,211.181727,149.854044,489.091287,182.276855,21.419387,47.183379,124.259212,77.341947,212.375661,180.906234,1.605994,149.237168,39.74923,156.818381,269.708147,202.567959,214.120787,129.122178,107.189906
1424,yellow,Sense perception,Property,Adjective,1,0.991859,67.219946,8.712406,71.029804,67.553343,55.027346,63.061131,67.309446,78.365817,26.57009,19.817019,28.096048,57.98916,37.633288,35.266114,30.79882,36.079063,48.074408,65.193973,51.123377,48.267631,54.855154,57.844542,46.764712
1425,green,Sense perception,Property,Adjective,1,0.980505,57.71934,16.101409,85.966342,82.090982,191.966288,240.50442,156.011991,142.517228,148.993506,41.89884,89.001425,132.263263,98.557911,99.325446,93.924745,173.220892,137.43531,129.250267,113.274699,97.447632,116.78964,166.110631,128.38858
1430,star,The physical world,Person/Thing,Noun,1,0.996077,99.258179,26.79892,150.392351,114.433895,178.307121,122.45348,87.779264,38.67404,104.710023,78.135675,100.631598,136.415232,71.652404,172.870917,99.312596,204.677971,167.421922,131.987293,94.622495,128.666049,127.492455,64.044431,55.718809
1432,cut,Basic actions and technology,Action/Process,Verb,1,1,88.143733,9.043257,86.733319,390.048866,285.193001,59.811638,108.496792,41.048761,21.921894,4.340871,9.059292,37.321584,11.473564,6.361293,68.202938,90.04819,142.606104,82.457021,273.656424,56.907658,77.83397,82.644098,40.762078
1442,stand,Spatial relations,Action/Process,Verb,1,0.98219,7.844666,4.521629,20.864355,106.031407,274.615828,824.176279,839.487734,987.612841,28.517307,49.448181,87.675178,129.58755,315.408262,241.171112,46.288891,20.166563,27.131695,33.454368,8.645365,28.569249,13.217333,917.899889,857.220114
1450,room,The house,Person/Thing,Noun,0.983959,0.833837,153.00607,3.143083,374.544421,358.039385,349.480799,99.748957,111.334192,214.437372,58.165256,46.617178,70.250323,137.430158,142.501659,249.652835,73.953433,185.109276,90.259302,262.292798,236.964679,165.6225,180.593895,168.999695,55.698867
1458,say,Speech and language,Action/Process,Verb,1,0.980488,3503.478338,386.599239,1342.273504,3270.768802,2224.1292,957.489355,2082.67451,1065.062694,550.371457,758.519997,575.42829,1887.300351,1731.303369,1002.628999,1230.709454,1453.464241,1892.390787,2092.522086,78.352872,2718.06892,2068.119243,1712.392465,1461.033318
1489,cloud,The physical world,Person/Thing,Noun,1,0.992179,49.762407,36.696875,36.710865,41.478953,52.900335,52.390215,29.995377,24.018614,30.841404,62.093326,25.300726,44.287664,72.053979,37.944553,57.78988,64.523805,56.63916,50.519558,55.071653,58.446594,40.348325,45.486941,23.791174
1506,measure,Spatial relations,Action/Process,Verb,0.975107,0.942025,38.647961,5.541752,36.996856,40.011852,61.336029,57.191079,34.476668,81.622578,28.58012,1.698602,1.305844,67.238823,74.291324,92.517747,238.049753,63.282078,99.223343,165.771423,152.553245,187.849134,132.779388,51.370509,82.062598
1523,forget,Cognition,Action/Process,Verb,1,0.992985,119.746931,14.833147,722.647659,472.073161,300.631912,295.620017,272.142742,227.532266,84.044397,74.361005,42.848004,341.314878,304.68048,148.31856,76.854583,385.464199,170.356697,319.523016,163.989633,216.154566,407.209896,263.706162,283.65939
1529,last,Quantity,Other,Function word,1,0.963884,566.373656,225.309441,346.829278,119.768809,1092.834692,1005.980178,842.43773,795.260381,834.790762,17.552217,470.756737,413.720595,350.287895,543.276711,548.084302,558.409151,748.327677,844.141589,714.161577,529.042258,507.016876,821.126792,462.960683
1535,sword,Warfare and hunting,Person/Thing,Noun,0.737339,0.777952,23.632232,0.137855,55.976269,24.473916,15.236338,9.790408,5.021749,3.901329,9.233577,4.529604,10.038675,15.592948,39.239587,45.868268,13.055177,20.396513,19.704917,11.624115,13.682821,19.082808,15.731849,5.96792,5.185
1561,army,Warfare and hunting,Person/Thing,Noun,0.90861,0.706301,54.968795,35.401043,48.657496,138.841125,41.758853,20.293609,16.056084,15.401767,41.959385,21.138154,50.80549,89.175057,125.750256,83.81282,69.964351,64.293855,52.326837,75.284694,42.273791,46.047166,38.388292,29.565457,12.842846
1571,sell,Possession,Action/Process,Verb,0.977282,0.96886,149.413521,40.722228,321.623057,270.613489,211.803914,127.652669,179.589439,217.52451,129.835403,38.312904,39.460971,239.960713,133.55228,85.82165,48.231626,81.310112,92.954504,175.928097,108.645685,154.575138,149.439675,169.168399,170.107888
1586,smell,Sense perception,Action/Process,Verb,1,0.926627,24.277768,21.422594,155.2802,26.207763,103.16723,77.841084,58.211749,92.987318,19.032476,121.166917,96.183567,154.24563,115.940359,147.314145,59.732615,95.061087,54.942181,41.434612,58.747635,97.07389,102.398866,57.886718,16.352693
1593,deep,Spatial relations,Property,Adjective,1,0.988985,97.742573,96.222461,15.924508,50.614992,137.184923,127.505917,64.944946,88.271799,47.612596,103.803433,41.093276,73.466776,122.078716,177.334982,117.39298,26.490172,82.473165,64.847723,55.139727,78.518718,71.528335,114.423801,55.100597
1594,flour,Food and drink,Person/Thing,Noun,1,0.914785,11.886283,6.920297,20.630362,33.476582,39.154351,16.918329,30.963696,18.726377,30.841404,318.39344,50.887106,63.801916,15.202472,12.38778,14.40214,137.440763,13.416114,49.991939,34.377237,13.905387,28.858917,5.398543,11.446885
1601,weak,The body,Property,Adjective,0.976504,0.97506,30.480527,29.445727,99.199933,154.512433,41.773323,29.392189,47.852985,75.312603,50.564828,17.363483,65.679869,66.869759,33.502806,89.169698,14.661171,48.519326,41.466174,15.779118,31.790435,27.415047,73.527054,30.493331,48.679174
1608,listen,Sense perception,Action/Process,Verb,1,0.983137,369.120302,33.057516,148.455411,588.040844,324.65121,85.178649,137.884154,100.586427,170.664146,7.738074,185.593069,382.419366,417.580345,251.773266,71.389023,197.296595,268.781461,319.242718,302.928131,474.508958,373.270365,205.018097,433.107047
1620,son,Kinship,Person/Thing,Noun,0.976504,0.982188,150.283592,67.245439,55.014299,0.866923,181.128665,83.480527,100.299857,55.331016,124.056566,51.52425,59.538322,166.332472,211.113569,208.248632,47.635854,361.871389,267.264163,134.740806,139.755382,381.97493,418.699304,206.114676,148.271061
1622,shirt,Clothing and grooming,Person/Thing,Noun,1,0.899748,14.271959,4.245919,87.721288,445.131848,94.080411,50.251839,58.41442,16.589127,56.092412,13.96628,31.829946,69.476273,25.700782,49.662723,52.479739,45.506989,74.167951,23.462576,19.401015,91.907462,126.525333,40.130574,60.724328
1627,chain,Basic actions and technology,Person/Thing,Noun,0.968952,0.806208,10.440843,3.087941,17.315465,23.006815,37.967856,25.870158,17.542341,10.177379,15.263669,11.512744,10.589578,35.591597,23.865012,21.762317,21.93995,2.529444,44.301125999999996,66.232724,63.648944,73.198396,24.423052,8.814808,9.652077
1634,hundred,Quantity,Number,Function word,0.896278,0.806499,89.673373,9.12597,74.890685,62.618548,58.789404,43.45935,31.864458,58.38423,75.627395,23.025489,28.708163,129.449151,143.878487,103.343105,57.971202,73.238888,83.03217,71.14618,76.923323,113.210734,39.355414,47.637922,60.04629
1645,short,Spatial relations,Property,Adjective,0.974618,0.978951,78.250192,86.572644,80.53251,98.962646,213.873046,406.668824,293.130498,269.022047,72.235469,171.181298,92.102805,79.971527,72.857128,188.82995,2.90115,186.282018,161.752017,155.16957,121.647768,132.535374,133.101762,269.906051,57.533559
1646,girl,Kinship,Person/Thing,Noun,0.976504,0.983945,350.343624,10.918079,418.275069,50.014814,625.688267,183.858418,345.825079,338.601393,162.686838,396.529115,332.276069,805.158959,448.903173,362.035672,217.042316,821.333308,246.561023,153.240462,233.629066,334.146994,373.438,246.730276,244.333159
1671,tower,Warfare and hunting,Person/Thing,Noun,0.647164,0.524112,11.184613,1.5164,26.103193,30.342321,28.172033,20.62904,14.457231,11.229041,9.10795,15.098681,23.505191,29.502043,27.07761,27.454,25.695904,25.133471,32.062915,1.56637,96.528559,62.173018,45.480519,20.434328,7.458423
1672,write,Speech and language,Action/Process,Verb,1,0.989205,499.28001,27.157342,507.816301,542.827452,716.397294,662.183806,1172.251763,1034.734105,524.303875,360.481014,853.43022,1016.378824,891.381151,667.377718,365.829888,904.483016,719.219502,428.624817,238.530375,467.770617,425.237048,540.613448,1058.67731
1673,arm,The body,Person/Thing,Noun,0.976504,1,41.047671,12.765329,43.873644,37.877886,112.615785,74.968951,60.238464,56.586226,2.072844,124.941587,17.914546,17.115337,64.079852,16.517041,14.065399,2.023555,57.158235,115.070495,75.697996,119.74022,136.106288,51.13854,49.636405
1675,promise,Speech and language,Action/Process,Verb,0.932429,0.817418,41.103804,29.087305,194.902975,257.80969700000003,121.138295,122.767947,131.173477,77.008833,119.031489,5.850739,52.294969,229.742257,163.326177,77.786333,39.346853,117.251205,81.315226,153.949451,28.795191,129.798267,159.239843,113.221782,195.893292
1680,helmet,Warfare and hunting,Person/Thing,Noun,0.628922,0.540115,2.119042,1.433687,26.415183,9.402785,10.446948,7.92457,8.444644,7.022391,7.600428,3.963404,2.387246,5.928088,7.687288,6.138089,11.397377,11.175541,12.258176,25.639006,18.788351,13.388744,7.388811,8.58284,9.612193
1689,smoke,Agriculture and vegetation,Action/Process,Verb,0.986424,0.891941,34.606344,4.907621,73.42173,75.555713,91.562725,71.321133,176.864633,43.830578,22.675656,62.28206,19.812101,133.370455,69.415059,30.020837,48.153916,65.857511,66.90089,57.774325,82.505369,105.944757,73.913902,71.825925,64.254117
1783,pain,Emotions and values,Person/Thing,Noun,1,0.988985,100.633452,6.644588,33.993949,79.15678,124.104534,68.532858,48.415961,37.859849,46.984461,51.52425,123.993962,93.673023,103.950486,114.168462,95.634351,143.672392,108.027668,47.766045,68.141811,173.833824,309.878749,114.297273,42.177982
1789,age,Time,Person/Thing,Noun,0.807544,0.828781,88.662969,77.998092,308.610459,349.570209,184.73156,142.914804,82.622401,74.125242,18.341528,153.251614,54.131312,114.386732,125.348682,48.658309,135.473363,123.298874,101.599113,124.73252599999999,95.099011,134.019349,131.141729,69.906911,78.353329
1841,suspect,Cognition,Action/Process,Verb,0.879349,0.719886,24.376001,2.205672,49.645465,25.474212,37.418016,26.918382,7.36373,28.12349,27.512291,1.509868,6.835277,15.039353,33.158599,6.807699,11.604602,4.507008,2.795024,20.840967,27.433716,19.533496,16.582917,50.105225,82.421559
1843,thousand,Quantity,Number,Function word,0.896278,0.749201,66.251642,7.664712,174.766597,94.094537,65.474294,49.769656,120.139142,312.8187,81.029352,60.205991,161.128899,194.242927,244.042696,122.315381,110.036491,130.841215,271.95581,98.549413,197.82228,298.850396,270.136487,39.540108,83.318963
1844,boat,Motion,Person/Thing,Noun,0.951766,0.874041,28.726353,1.461258,40.76674,35.143743,44.754031,19.748532,22.541571,35.28158,25.313821,3.20847,2.591284,25.51154,14.284587,5.356878,35.280061,37.711704,30.186256,37.642347,60.10911,41.683183,34.996918,45.718909,26.662866
1851,pocket,Clothing and grooming,Person/Thing,Noun,1,0.793345,18.075009,8.960544,51.738401,26.941313,39.950171,21.153152,21.550733,9.634585,13.693332,20.38322,29.401892,50.377218,39.124852,35.935723,39.450465,33.22769,38.13211,54.872418,36.419449,34.043465,36.982741,7.844757,18.426693
1867,coin,Possession,Person/Thing,Noun,0.975837,0.855673,9.612873,4.27349,12.661609,13.737402,13.500004,8.280966,8.422125,6.174276,10.112966,8.681742,9.589791,16.677073,17.497184,48.76991,41.704037,13.176101,37.393425,4.995896,8.645365,14.619893,10.096753,14.00247,6.441366
1874,sausage,Food and drink,Person/Thing,Noun,0.755735,0.547712,5.515123,1.709396,10.113687,4.067872,18.853703,30.817774,22.271342,34.670937,5.150703,19.062085,10.365136,36.698788,16.464564,5.914886,10.309445,0.298934,16.730214,17.394952,16.814213,15.916996,11.02519,15.837131,34.719558
1879,dance,Motion,Action/Process,Verb,1,0.983343,23.12703,8.546981,68.26089,34.410192,146.011292,54.235089,110.028087,80.401293,34.547398,18.307151,71.637782,129.010888,95.861623,39.730179,50.977357,58.430145,74.726956,67.617725,100.681057,138.636157,105.326021,42.23938,59.866809
1892,touch,Sense perception,Action/Process,Verb,1,0.974511,66.714744,16.707969,95.170058,122.369579,147.602933,58.386054,36.143078,34.365616,5.527584,7.549341,12.691171,12.617371,43.656909,104.347519,26.965157,27.731899,68.697691,130.305506,38.25744,71.021901,58.852591,54.765686,2.173712
1895,clothes,Clothing and grooming,Person/Thing,Noun,1,0.992179,16.068233,11.028362,92.492141,97.762291,31.745989,28.59554,141.30705,114.19019,8.605443,64.546862,27.055454,87.952533,75.668151,71.536642,1.191544,3.449241,14.973341,34.526095,7.896554,92.599983,62.695289,66.511734,122.186522
1905,eagle,Animals,Person/Thing,Noun,0.950295,0.723318,6.679894,11.248929,10.334681,4.534677,21.733125,9.014723,13.849217,6.27605,6.030091,2.264802,9.895849,7.611942,10.727782,7.588911,3.522826,6.00168,22.140581,6.232504,8.168848,9.134685,10.638341,4.723725,4.706385
1920,dream,The body,Action/Process,Verb,1,0.981384,215.033661,8.491839,329.344818,267.545914,268.278205,192.202277,160.132978,189.095699,49.559813,125.13032,238.214498,321.154764,282.307031,386.364826,175.804535,259.888825,334.025301,264.831967,144.588618,462.054568,456.030209,145.40215799999999,134.79006
1927,bamboo,Agriculture and vegetation,Person/Thing,Noun,0.829307,0.829391,4.911687,3.143083,18.680422,15.471249,4.847268,1.509442,1.846562,1.390908,1.005015,2.076069,1.142613,4.01357,2.122609,1.674024,0.90661,2.391474,1.776837,4.550717,1.429548,1.879701,3.675063,3.816938,0.658096
1941,soldier,Warfare and hunting,Person/Thing,Noun,0.984621,0.875926,38.142759,11.552209,17.952445,23.807052,32.107725,27.777925,48.798785,33.347878,21.607827,21.893088,34.829306,37.367717,48.188967,59.372065,30.358467,21.707224,24.91564,33.916035,23.349292,36.307899,21.134837,18.515315,21.178731
1961,necklace,Clothing and grooming,Person/Thing,Noun,1,0.931937,4.448585,3.418792,16.093502,4.868109,15.135052,0.859543,6.462968,6.920618,2.324098,1.887335,11.487346,6.620083,4.818897,3.682854,1.346963,7.197417,2.455628,14.377629,2.995244,7.573764,26.047816,16.048012,7.956981
2001,painting,Basic actions and technology,Action/Process,Verb,0.976504,0.841661,78.222125,3.36365,17.913446,22.073205,145.056308,33.040008,73.952566,112.290413,32.411741,13.777547,41.174891,179.780236,109.113589,33.145683,13.806368,68.800864,40.987027,51.673726,118.244082,171.778245,83.97197,88.527666,93.170463
2003,flow,Motion,Action/Process,Verb,1,0.934047,95.932266,7.140865,67.051927,53.482508,43.582005,15.702389,25.581643,8.175828,37.49963,30.763563,30.258852,13.101767,20.136104,18.972276,17.044259,39.551299,25.175178,53.520394,14.363559,32.746361,23.894358,41.353681,22.933654
2009,dog,Animals,Person/Thing,Noun,1,1,111.439163,0.992553,94.936065,59.884404,223.032213,143.103484,188.506983,91.732108,184.985613,48.504513,109.446044,152.354178,101.598405,107.80717,71.518539,55.647758,138.453497,92.119051,63.376649,121.9387,168.936852,172.690105,176.529311
2125,stone or rock,The physical world,Person/Thing,Noun,1,0.979501,58.196475,8.51941,193.473019,247.740047,282.414865,119.979672,85.617435,46.951641,56.343665,72.284936,87.491543,80.617388,71.078726,217.399966,79.626218,105.109876,121.264101,112.910553,238.053859,164.743108,243.186023,87.452175,74.883367
2249,thin,Spatial relations,Property,Adjective,1,0.983351,45.019121,14.91586,44.263632,21.139595,36.376215,37.673156,64.472045,68.358061,15.577736,1.887335,21.46481,37.967445,20.76715,21.873919,7.667326,21.50027,54.862323,40.247468,26.344536,6.925212,41.547556,32.370169,31.768097
3210,knife,Food and drink,Person/Thing,Noun,0.912415,0.973292,69.058321,0.468705,20.799357,16.93835,23.46946,18.511629,24.410652,15.537465,9.610458,3.77467,14.384687,30.170971,18.070863,30.91365,28.985601,1.379696,24.256813,26.216089,10.074913,17.587841,18.323736,20.054743,14.518
