Code	Canonical name	Family	Scripts	Other names	Sort?	Diacr?
aa	Afar	East Cushitic	Latn, Ethi	Qafar		Yes
ab	Abkhaz	Abkhaz-Abaza	Cyrl, Geor, Latn	Abkhazian, Abxazo	Yes	Yes
ae	Avestan	Central Iranian	Avst, Gujr	Zend, Old Bactrian		
af	Afrikaans	Low Franconian	Latn, Arab		Yes	
ak	Akan	Central Tano	Latn	Twi-Fante, Twi, Fante, Fanti, Asante, Akuapem		
am	Amharic	Ethiopian Semitic	Ethi			
an	Aragonese	West Iberian	Latn			
ar	Arabic	Arabic	Arab, Hebr, Syrc, Brai	Standard Arabic, Literary Arabic, High Arabic, Modern Standard Arabic, Classical Arabic, Judeo-Arabic	Yes	Yes
as	Assamese	Bengali–Assamese	as-Beng	Asamiya		
av	Avar	Avaro-Andian	Cyrl, Latn, Arab	Avaric	Yes	Yes
ay	Aymara	Aymaran	Latn	Southern Aymara, Central Aymara		
az	Azerbaijani	Oghuz	Latn, Cyrl, fa-Arab	Azeri, Azari, Azeri Turkic, Azerbaijani Turkic, North Azerbaijani, South Azerbaijani, Afshar, Afshari, Afshar Azerbaijani, Afchar, Qashqa'i, Qashqai, Kashkay, Sonqor	Yes	Yes
ba	Bashkir	Kipchak-Bulgar	Cyrl		Yes	
be	Belarusian	East Slavic	Cyrl, Latn	Belorussian, Belarusan, Bielorussian, Byelorussian, Belarussian, White Russian	Yes	Yes
bg	Bulgarian	South Slavic	Cyrl			Yes
bh	Bihari	Eastern Indo-Aryan	Deva			
bi	Bislama	creole or pidgin	Latn			
bm	Bambara	East Manding	Latn, Nkoo	Bamanankan	Yes	
bn	Bengali	Bengali–Assamese	Beng, Newa	Bangla		
bo	Tibetan	Tibetic	Tibt	Amdo Tibetan, Amdo, Dolpo, Khams, Khams Tibetan, Khamba, Gola, Humla, Limi, Lhasa, Lhasa Tibetan, Lhomi, Loke, Lowa, Mugom, Mugu, Mustang, Nubri, Panang, Shing Saapa, Thudam, Tichurong, Tseku, Ü, Dbus, Walungge	Yes	Yes
br	Breton	Southwestern Brythonic	Latn	Gwenedeg, Vannetais, Kerneveg, Cornouaillais, Leoneg, Léonard, Tregerieg, Trégorrois	Yes	
ca	Catalan	Occitano-Romance	Latn		Yes	
ce	Chechen	Vainakh	Cyrl, Latn, Arab		Yes	Yes
ch	Chamorro	Malayo-Polynesian	Latn	Chamoru	Yes	
co	Corsican	Italo-Dalmatian	Latn	Corsu	Yes	
cr	Cree	Algonquian	Latn, Cans			
cs	Czech	West Slavic	Latn		Yes	
cu	Old Church Slavonic	South Slavic	Cyrs, Glag	Old Church Slavic	Yes	Yes
cv	Chuvash	Oghur	Cyrl		Yes	
cy	Welsh	Western Brythonic	Latn	Cofi Welsh, Dyfedeg, Dyfed Welsh, Demetian, Gwenhwyseg, Gwent Welsh, Gwentian, Gwyndodeg, Gwynedd Welsh, Venedotian, North Wales Welsh, Powyseg, Powys Welsh, Powysian, South Wales Welsh, Patagonian Welsh	Yes	
da	Danish	East Scandinavian	Latn		Yes	
de	German	High German	Latn, Latf	High German, New High German, Deutsch, Alsatian German, American German, Bavarian German, Belgian German, Central German, DDR German, East African German, German German, Hessian German, Indiana German, Liechtenstein German, Lorraine German, Luxembourgish German, Namibian German, Northern German, Prussian German, Silesia German, South African German, Southern German, South Tyrolean German, Switzerland German, Texan German	Yes	
dv	Dhivehi	Insular Indo-Aryan	Thaa, Diak	Divehi, Maldivian, Mahal, Mahl		
dz	Dzongkha	Tibetic	Tibt		Yes	Yes
ee	Ewe	Gbe	Latn		Yes	
el	Greek	Hellenic	Grek, Polyt, Brai	Modern Greek, Neo-Hellenic	Yes	Yes
en	English	Anglic	Latn, Brai, Shaw, Dsrt	Modern English, New English, Polari, Yinglish	Yes	
eo	Esperanto	constructed	Latn		Yes	
es	Spanish	West Iberian	Latn, Brai	Castilian, Amazonian Spanish, Amazonic Spanish, Loreto-Ucayali Spanish	Yes	
et	Estonian	Finnic	Latn		Yes	
eu	Basque	Vasconic	Latn	Euskara	Yes	
fa	Persian	Southwestern Iranian	fa-Arab, Hebr	Farsi, New Persian, Modern Persian, Western Persian, Iranian Persian, Eastern Persian, Dari, Aimaq, Aimak, Aymaq, Eimak	Yes	Yes
ff	Fula	Fula-Wolof	Latn, Adlm	Fulani, Adamawa Fulfulde, Bagirmi Fulfulde, Borgu Fulfulde, Central-Eastern Niger Fulfulde, Fulfulde, Maasina Fulfulde, Nigerian Fulfulde, Pular, Pulaar, Western Niger Fulfulde		
fi	Finnish	Finnic	Latn	Suomi	Yes	Yes
fj	Fijian	Central Pacific	Latn			
fo	Faroese	Insular Scandinavian	Latn	Faeroese	Yes	
fr	French	Oïl	Latn, Brai	Modern French, African French, Algerian French, Alsatian French, Antilles French, Atlantic Canadian French, Belgian French, Congolese French, European French, French French, Haitian French, Ivorian French, Lorraine French, Louisiana French, Luxembourgish French, Malian French, Marseille French, Missourian French, Moroccan French, Newfoundland French, North American French, Picard French, Provençal French‎, Quebec French, Réunion French, Rwandan French, Tunisian French, West African French	Yes	Yes
fy	West Frisian	Frisian	Latn	Western Frisian	Yes	
ga	Irish	Goidelic	Latn, Latg	Irish Gaelic, Gaelic, Cois Fharraige Irish, Cois Fhairrge Irish, Connacht Irish, Connaught Irish, Cork Irish, Donegal Irish, Galway Irish, Kerry Irish, Mayo Irish, Munster Irish, Ulster Irish, Waterford Irish, West Muskerry Irish	Yes	
gd	Scottish Gaelic	Goidelic	Latn, Latg	Gaelic, Gàidhlig, Scots Gaelic, Scottish, Argyll Gaelic, Arran Scottish Gaelic, Canadian Gaelic, Canadian Scottish Gaelic, Cape Breton Gaelic, East Sutherland Gaelic, Galwegian Gaelic, Gallovidian Gaelic, Gallowegian Gaelic, Galloway Gaelic, Hebridean Gaelic, Highland Gaelic	Yes	
gl	Galician	West Iberian	Latn		Yes	
gn	Guaraní	Tupi-Guarani	Latn	Guarani		
gu	Gujarati	Western Indo-Aryan	Arab, Gujr			Yes
gv	Manx	Goidelic	Latn	Manx Gaelic, Northern Manx, Southern Manx	Yes	
ha	Hausa	West Chadic	Latn, Arab		Yes	Yes
he	Hebrew	Canaanite	Hebr, Phnx, Brai	Ivrit		Yes
hi	Hindi	Hindustani	Deva, Kthi, Newa	Hindavi		
ho	Hiri Motu	creole or pidgin	Latn	Pidgin Motu, Police Motu		
ht	Haitian Creole	creole or pidgin	Latn	Creole, Haitian, Kreyòl	Yes	
hu	Hungarian	Ugric	Latn, Hung	Magyar	Yes	
hy	Armenian	Armenian	Armn, Brai	Modern Armenian, Eastern Armenian, Western Armenian	Yes	Yes
hz	Herero	Southwest Bantu	Latn			
ia	Interlingua	constructed	Latn			
id	Indonesian	Malayic	Latn			
ie	Interlingue	constructed	Latn	Occidental		Yes
ig	Igbo	Igboid	Latn		Yes	Yes
ii	Nuosu	Northern Loloish	Yiii	Nosu, Nuosu Yi, Nosu Yi, Sichuan Yi, Northern Yi, Liangshan Yi		
ik	Inupiaq	Inuit	Latn	Inupiak, Iñupiaq, Inupiatun	Yes	
io	Ido	constructed	Latn			
is	Icelandic	Insular Scandinavian	Latn		Yes	
it	Italian	Italo-Dalmatian	Latn		Yes	
iu	Inuktitut	Inuit	Cans, Latn	Aivilimmiut, Eastern Canadian Inuktitut, Eastern Canadian Inuit, Inuinnaq, Inuinnaqtun, Inuvialuktun, Inuvialuk, Western Canadian Inuktitut, Western Canadian Inuit, Western Canadian Inuktun, Kivallirmiut, Natsilingmiut, Nunavimmiutit, Nunatsiavummiut, Siglitun, Siglit		
ja	Japanese	Japonic	Jpan, Latn, Brai	Modern Japanese, Nipponese, Nihongo	Yes	Yes
jv	Javanese	Malayo-Polynesian	Latn, Java		Yes	Yes
ka	Georgian	Georgian-Zan	Geor, Geok, Hebr	Judeo-Georgian, Kivruli, Gruzinic		Yes
kg	Kongo	Kongo	Latn	Kikongo, Koongo, Laari, San Salvador Kongo, Yombe		
ki	Kikuyu	Kikuyu-Kamba	Latn	Gikuyu, Gĩkũyũ		
kj	Kwanyama	Ovambo	Latn	Kuanyama, Oshikwanyama		
kk	Kazakh	Kipchak-Nogai	Cyrl, Latn, kk-Arab		Yes	
kl	Greenlandic	Inuit	Latn	Kalaallisut	Yes	
km	Khmer	Khmeric	Khmr	Cambodian, Central Khmer, Modern Khmer		
kn	Kannada	Kannadoid	Knda, Tutg			
ko	Korean	Koreanic	Kore, Brai	Modern Korean		Yes
kr	Kanuri	Saharan	Latn, Arab	Kanembu, Bilma Kanuri, Central Kanuri, Manga Kanuri, Tumari Kanuri	Yes	Yes
ks	Kashmiri	Kashmiric	ks-Arab, Deva, Shrd, Latn	Koshur		
kw	Cornish	Southwestern Brythonic	Latn		Yes	
ky	Kyrgyz	Kyrgyz-Kipchak	Cyrl, Latn, Arab	Kirghiz, Kirgiz	Yes	
la	Latin	Italic	Latn, Ital		Yes	Yes
lb	Luxembourgish	High German	Latn		Yes	
lg	Luganda	Nyoro-Ganda	Latn	Ganda, Oluganda	Yes	Yes
li	Limburgish	Low Franconian	Latn	Limburgan, Limburgian, Limburgic		
ln	Lingala	Bangi-Moi	Latn	Ngala	Yes	
lo	Lao	Southwestern Tai	Laoo	Laotian	Yes	
lt	Lithuanian	East Baltic	Latn		Yes	Yes
lu	Luba-Katanga	Luba	Latn			
lv	Latvian	East Baltic	Latn	Lettish, Lett	Yes	Yes
mg	Malagasy	East Barito	Latn	Antankarana, Antankarana Malagasy, Bara Malagasy, Bara, Betsimisaraka Malagasy, Betsimisaraka, Northern Betsimisaraka Malagasy, Northern Betsimisaraka, Southern Betsimisaraka Malagasy, Southern Betsimisaraka, Bushi, Shibushi, Kibushi, Masikoro Malagasy, Masikoro, Plateau Malagasy, Sakalava, Tandroy Malagasy, Tandroy, Tanosy, Tanosy Malagasy, Tesaka, Tsimihety, Tsimihety Malagasy		
mh	Marshallese	Micronesian	Latn		Yes	
mi	Maori	Eastern Polynesian	Latn	Māori	Yes	
mk	Macedonian	South Slavic	Cyrl, Grek		Yes	Yes
ml	Malayalam	Malayalamoid	Mlym			
mn	Mongolian	Central Mongolic	Cyrl, Mong, Latn, Brai	Khalkha Mongolian	Yes	Yes
mr	Marathi	Southern Indo-Aryan	Deva, Modi			Yes
ms	Malay	Malayic	Latn, ms-Arab	Malaysian, Standard Malay		
mt	Maltese	Arabic	Latn		Yes	Yes
my	Burmese	Burmish	Mymr	Myanmar, Mandalay Burmese, Myeik Burmese, Palaw Burmese, Rangoon Burmese, Yangon Burmese, Yaw Burmese	Yes	
na	Nauruan	Micronesian	Latn	Nauru		
nb	Norwegian Bokmål	North Germanic	Latn	Bokmål	Yes	
nd	Northern Ndebele	Nguni	Latn	North Ndebele		Yes
ne	Nepali	Pahari	Deva, Newa	Nepalese, Palpa		
ng	Ndonga	Ovambo	Latn			
nl	Dutch	Low Franconian	Latn, Brai	Netherlandic, Flemish	Yes	
nn	Norwegian Nynorsk	West Scandinavian	Latn	New Norwegian, Nynorsk	Yes	Yes
no	Norwegian	West Scandinavian	Latn		Yes	
nr	Southern Ndebele	Nguni	Latn	South Ndebele		Yes
nv	Navajo	Apachean	Latn	Navaho, Diné bizaad	Yes	
ny	Chichewa	Nyasa	Latn	Chicheŵa, Chinyanja, Nyanja, Chewa, Cicewa, Cewa, Cinyanja	Yes	Yes
oc	Occitan	Occitano-Romance	Latn, Hebr		Yes	
oj	Ojibwe	Algonquian	Cans, Latn	Ojibway, Ojibwa, Chippewa, Ojibwemowin, Southwestern Ojibwa	Yes	
om	Oromo	East Cushitic	Latn, Ethi	Orma, Borana-Arsi-Guji Oromo, West Central Oromo		
or	Odia	Eastern Indo-Aryan	Orya	Oriya, Oorya		
os	Ossetian	Scythian	Cyrl, Geor, Latn	Ossete, Ossetic, Digor, Iron	Yes	Yes
pa	Punjabi	Punjabic	Guru, pa-Arab	Panjabi		Yes
pi	Pali	Middle Indo-Aryan	Latn, Brah, Deva, Beng, Sinh, Mymr, Thai, Lana, Laoo, Khmr, Cakm		Yes	Yes
pl	Polish	Lechitic	Latn		Yes	
ps	Pashto	Pathan	ps-Arab	Pashtun, Pushto, Pashtu, Afghani, Central Pashto, Northern Pashto, Southern Pashto, Pukhto, Pakhto, Pakkhto		Yes
pt	Portuguese	West Iberian	Latn, Brai	Modern Portuguese	Yes	
qu	Quechua	Quechuan	Latn			
rm	Romansch	Rhaeto-Romance	Latn	Romansh, Rumantsch, Romanche	Yes	
ro	Romanian	Eastern Romance	Latn, Cyrl, Cyrs	Daco-Romanian, Roumanian, Rumanian	Yes	
ru	Russian	East Slavic	Cyrl, Brai		Yes	Yes
rw	Rwanda-Rundi	Great Lakes Bantu	Latn	Ha, Giha, Hangaza, Vinza, Shubi		Yes
sa	Sanskrit	Indo-Aryan	as-Beng, Bali, Beng, Bhks, Brah, Mymr, xwo-Mong, Deva, Gujr, Guru, Gran, Hani, Java, Kthi, Knda, Kawi, Khar, Khmr, Laoo, Mlym, mnc-Mong, Marc, Modi, Mong, Nand, Newa, Orya, Phag, Ranj, Saur, Shrd, Sidd, Sinh, Soyo, Lana, Takr, Taml, Tang, Telu, Thai, Tibt, Tutg, Tirh, Zanb		Yes	Yes
sc	Sardinian	Romance	Latn			
sd	Sindhi	Sindhi	sd-Arab, Deva, Sind, Khoj			Yes
se	Northern Sami	Sami	Latn	North Sami, Northern Saami, North Saami	Yes	Yes
sg	Sango	creole or pidgin	Latn			
sh	Serbo-Croatian	South Slavic	Latn, Cyrl, Glag	BCS, Croato-Serbian, Serbocroatian, Bosnian, Croatian, Montenegrin, Serbian, Shtokavian	Yes	Yes
si	Sinhalese	Insular Indo-Aryan	Sinh	Singhalese, Sinhala		
sk	Slovak	West Slavic	Latn		Yes	
sl	Slovene	South Slavic	Latn	Slovenian	Yes	Yes
sm	Samoan	Nuclear Polynesian	Latn			
sn	Shona	Shona	Latn			Yes
so	Somali	Somaloid	Latn, Arab, Osma			Yes
sq	Albanian	Albanian	Latn, Grek, ota-Arab, Elba, Todr, Vith		Yes	Yes
ss	Swazi	Nguni	Latn	Swati		Yes
st	Sotho	Sotho-Tswana	Latn	Sesotho, Southern Sesotho, Southern Sotho		Yes
su	Sundanese	Malayo-Sumbawan	Latn, Sund			
sv	Swedish	East Scandinavian	Latn		Yes	
sw	Swahili	Swahili	Latn, Arab	Settler Swahili, KiSetla, KiSettla, Setla, Settla, Kitchen Swahili, Kihindi, Indian Swahili, KiShamba, Kishamba, Field Swahili, Kibabu, Asian Swahili, Kimanga, Arab Swahili, Kitvita, Army Swahili	Yes	
ta	Tamil	Tamiloid	Taml			
te	Telugu	Teluguic	Telu			
tg	Tajik	Southwestern Iranian	Cyrl, fa-Arab, Latn	Eastern Persian, Tadjik, Tadzhik, Tajiki, Tajik Persian, Tajiki Persian	Yes	Yes
th	Thai	Southwestern Tai	Thai, Brai	Central Thai, Siamese	Yes	
ti	Tigrinya	Ethiopian Semitic	Ethi	Tigrigna		
tk	Turkmen	Oghuz	Latn, Cyrl, Arab		Yes	Yes
tl	Tagalog	Philippine	Latn, Tglg		Yes	Yes
tn	Tswana	Sotho-Tswana	Latn	Setswana		
to	Tongan	Tongic	Latn		Yes	Yes
tr	Turkish	Oghuz	Latn		Yes	
ts	Tsonga	Tswa-Ronga	Latn	Xitsonga		
tt	Tatar	Kipchak-Bulgar	Cyrl, Latn, tt-Arab		Yes	
ty	Tahitian	Eastern Polynesian	Latn			
ug	Uyghur	Karluk	ug-Arab, Latn, Cyrl	Uigur, Uighur, Uygur		
uk	Ukrainian	East Slavic	Cyrl		Yes	Yes
ur	Urdu	Hindustani	ur-Arab, Hebr		Yes	Yes
uz	Uzbek	Karluk	Latn, Cyrl, fa-Arab	Northern Uzbek, Southern Uzbek	Yes	
ve	Venda	Southern Bantu	Latn			
vi	Vietnamese	Vietic	Latn, Hani	Annamese, Annamite	Yes	
vo	Volapük	constructed	Latn			
wa	Walloon	Oïl	Latn	Liégeois, Namurois, Wallo-Picard, Wallo-Lorrain	Yes	
wo	Wolof	Fula-Wolof	Latn, Arab, Gara	Gambian Wolof		
xh	Xhosa	Nguni	Latn			Yes
yi	Yiddish	High German	Hebr	American Yiddish, Daytshmerish Yiddish, Mideastern Yiddish, Galitzish, Northeastern Yiddish, Litvish, Lithuanian Yiddish, Northwestern Yiddish, Netherlandic Yiddish, Polish Yiddish, Poylish, South African Yiddish, Southeastern Yiddish, Ukrainian Yiddish, Ukrainish, Southwestern Yiddish, Judeo-Alsatian, Udmurtish	Yes	
yo	Yoruba	Yoruba	Latn, Arab		Yes	Yes
za	Zhuang	Tai	Latn, Hani	Chongzuo Zhuang, Guibei Zhuang, Guibian Zhuang, Central Hongshuihe Zhuang, Eastern Hongshuihe Zhuang, Lianshan Zhuang, Liujiang Zhuang, Liuqian Zhuang, Min Zhuang, Minz Zhuang, Nong Zhuang, Qiubei Zhuang, Shangsi Zhuang, Dai Zhuang, Wenma, Wenma Thu, Wenma Zhuang, Yang Zhuang, Yongbei Zhuang, Wuming Zhuang, Standard Zhuang, Yongnan Zhuang, Youjiang Zhuang, Zuojiang Zhuang	Yes	
zh	Chinese	Sinitic	Hants, Latn, Bopo, Nshu, Brai		Yes	
zu	Zulu	Nguni	Latn	isiZulu		Yes